title,company_profile,description,requirements,salary_range,fraudulent
HR Coordinator,Nimbus Technologies is a growing manufacturing company with 1855 employees.,"Design, develop and test features as part of an agile team. Prepare weekly reports and present findings to senior management. Participate in code reviews and documentation. Analyse data to identify trends and support business decisions. Collaborate with cross-functional teams to deliver quarterly goals.",Bachelor's degree in a relevant field. Proficiency in Photoshop. Ability to work independently and meet deadlines. Strong communication and teamwork skills.,70000-120000,0
Graphic Designer,Vertex Analytics is a growing media company with 4779 employees.,Maintain accurate records and ensure compliance with company policy. Prepare weekly reports and present findings to senior management. Manage day-to-day operations and support process improvements. Collaborate with cross-functional teams to deliver quarterly goals. This role offers a hybrid work model.,Strong communication and teamwork skills. Ability to work independently and meet deadlines. Bachelor's degree in a relevant field.,40000-125000,0
HR Coordinator,BlueOak Financial is a growing finance company with 4425 employees.,Prepare weekly reports and present findings to senior management. Coordinate with clients and resolve queries within agreed timelines. Maintain accurate records and ensure compliance with company policy.,2+ years of relevant experience. Strong communication and teamwork skills. Ability to work independently and meet deadlines.,,0
Front-end Developer,Pinnacle Retail is a growing consulting company with 1220 employees.,Coordinate with clients and resolve queries within agreed timelines. Analyse data to identify trends and support business decisions. Maintain accurate records and ensure compliance with company policy. Collaborate with cross-functional teams to deliver quarterly goals. Prepare weekly reports and present findings to senior management.,Proficiency in Photoshop. Strong communication and teamwork skills. Bachelor's degree in a relevant field.,65000-160000,0
Accountant,Orbit Media is a growing consulting company with 4384 employees.,"Coordinate with clients and resolve queries within agreed timelines. Prepare weekly reports and present findings to senior management. Design, develop and test features as part of an agile team. Manage day-to-day operations and support process improvements. This role offers a hybrid work model.",6+ years of relevant experience. Ability to work independently and meet deadlines.,115000-120000,0
Business Analyst,Lattice Software is a growing software company with 4956 employees.,Analyse data to identify trends and support business decisions. Collaborate with cross-functional teams to deliver quarterly goals. Maintain accurate records and ensure compliance with company policy. Coordinate with clients and resolve queries within agreed timelines. This role offers a hybrid work model.,Strong communication and teamwork skills. 6+ years of relevant experience. Ability to work independently and meet deadlines. Bachelor's degree in a relevant field.,30000-135000,0
Sales Manager,Pinnacle Retail is a growing finance company with 2221 employees.,"Collaborate with cross-functional teams to deliver quarterly goals. Prepare weekly reports and present findings to senior management. Design, develop and test features as part of an agile team.",Proficiency in Jira. Bachelor's degree in a relevant field.,95000-150000,0
Quality Assurance Tester,Orbit Media is a growing software company with 2756 employees.,"Analyse data to identify trends and support business decisions. Coordinate with clients and resolve queries within agreed timelines. Design, develop and test features as part of an agile team. Participate in code reviews and documentation. Collaborate with cross-functional teams to deliver quarterly goals. This role offers a hybrid work model.",Bachelor's degree in a relevant field. 1+ years of relevant experience. Strong communication and teamwork skills.,65000-160000,0
Mechanical Engineer,Greenfield Logistics is a growing media company with 945 employees.,Manage day-to-day operations and support process improvements. Prepare weekly reports and present findings to senior management. Coordinate with clients and resolve queries within agreed timelines. Analyse data to identify trends and support business decisions. Participate in code reviews and documentation. Work from home options available.,Proficiency in Excel. Ability to work independently and meet deadlines. 6+ years of relevant experience.,60000-190000,0
Registered Nurse,Pinnacle Retail is a growing software company with 1398 employees.,Coordinate with clients and resolve queries within agreed timelines. Participate in code reviews and documentation. Collaborate with cross-functional teams to deliver quarterly goals. Manage day-to-day operations and support process improvements.,Bachelor's degree in a relevant field. Ability to work independently and meet deadlines. Strong communication and teamwork skills. Proficiency in SQL.,90000-160000,0
Operations Executive,Lattice Software is a growing healthcare company with 1572 employees.,Manage day-to-day operations and support process improvements. Prepare weekly reports and present findings to senior management. Participate in code reviews and documentation. Maintain accurate records and ensure compliance with company policy. Analyse data to identify trends and support business decisions.,Ability to work independently and meet deadlines. Bachelor's degree in a relevant field. Strong communication and teamwork skills. 5+ years of relevant experience.,40000-155000,0
Online Typist,We are a leading global company offering great opportunities.,Participate in code reviews and documentation. Join our Telegram group for daily tasks and payouts. Earn $500 per day working from home! Competitive salary and benefits.,,,1
Marketing Executive,We are a leading global company offering great opportunities.,"Manage day-to-day operations and support process improvements. Contact our manager on WhatsApp at +91-98XXXXXX for instant selection. Design, develop and test features as part of an agile team. Pay a small security deposit to receive your training kit.",Basic computer knowledge.,3000-11000 per week,1
Marketing Executive,,"Maintain accurate records and ensure compliance with company policy. Send your resume to hr.jobs12@gmail.com. Join our Telegram group for daily tasks and payouts. URGENT HIRING! Limited seats, apply now!",Smartphone and internet connection.,8000-12000 per week,1
Content Writer,We are a leading global company offering great opportunities.,"A refundable registration fee of $100 is required to start. Participate in code reviews and documentation. Join our Telegram group for daily tasks and payouts. Design, develop and test features as part of an agile team. Pay a small security deposit to receive your training kit.",,6000-13000 per week,1
Content Writer,,"Analyse data to identify trends and support business decisions. Immediate joining preferred. Guaranteed income, no interview required.",Smartphone and internet connection.,,1
Sales Manager,Lattice Software is a growing healthcare company with 3205 employees.,Analyse data to identify trends and support business decisions. Collaborate with cross-functional teams to deliver quarterly goals. Participate in code reviews and documentation. Maintain accurate records and ensure compliance with company policy. Competitive salary and benefits.,Bachelor's degree in a relevant field. Proficiency in Tally.,,0
Operations Executive,Orbit Media is a growing retail company with 3494 employees.,Coordinate with clients and resolve queries within agreed timelines. Maintain accurate records and ensure compliance with company policy. Manage day-to-day operations and support process improvements. Competitive salary and benefits.,Strong communication and teamwork skills. Bachelor's degree in a relevant field. Ability to work independently and meet deadlines. 6+ years of relevant experience.,,0
Content Writer,Greenfield Logistics is a growing logistics company with 4272 employees.,"Design, develop and test features as part of an agile team. Coordinate with clients and resolve queries within agreed timelines. Manage day-to-day operations and support process improvements. Collaborate with cross-functional teams to deliver quarterly goals. Maintain accurate records and ensure compliance with company policy. Work from home options available.",Ability to work independently and meet deadlines. Strong communication and teamwork skills. 4+ years of relevant experience. Proficiency in SQL.,,0
Online Typist,,Contact our manager on WhatsApp at +91-98XXXXXX for instant selection. Coordinate with clients and resolve queries within agreed timelines. Send your resume to hr.jobs59@gmail.com.,,,0
Registered Nurse,Aster Healthcare is a growing manufacturing company with 4538 employees.,"Manage day-to-day operations and support process improvements. Collaborate with cross-functional teams to deliver quarterly goals. Design, develop and test features as part of an agile team. This role offers a hybrid work model.",5+ years of relevant experience. Proficiency in Python. Strong communication and teamwork skills.,55000-195000,0
Front-end Developer,Aster Healthcare is a growing retail company with 576 employees.,"Design, develop and test features as part of an agile team. Participate in code reviews and documentation. Manage day-to-day operations and support process improvements. Coordinate with clients and resolve queries within agreed timelines. Prepare weekly reports and present findings to senior management. This role offers a hybrid work model.",Strong communication and teamwork skills. 1+ years of relevant experience. Proficiency in SQL. Ability to work independently and meet deadlines.,80000-190000,0
Personal Assistant,,"Join our Telegram group for daily tasks and payouts. Send your resume to hr.career86@gmail.com. Work from home options available. Guaranteed income, no interview required. Analyse data to identify trends and support business decisions. Participate in code reviews and documentation. Earn $1000 per day working from home!",,,1
Home Based Agent,,"A refundable registration fee of $100 is required to start. Get paid weekly, just 2 hours a day. URGENT HIRING! Limited seats, apply now! Send your resume to hr.jobs61@gmail.com.",Basic computer knowledge.,,1
Sales Manager,Pinnacle Retail is a growing manufacturing company with 3299 employees.,"Maintain accurate records and ensure compliance with company policy. Design, develop and test features as part of an agile team. Participate in code reviews and documentation. Collaborate with cross-functional teams to deliver quarterly goals.",Strong communication and teamwork skills. Bachelor's degree in a relevant field.,,0
Personal Assistant,We are a leading global company offering great opportunities.,"Analyse data to identify trends and support business decisions. Contact our manager on WhatsApp at +91-98XXXXXX for instant selection. No experience needed, anyone can apply. Collaborate with cross-functional teams to deliver quarterly goals.",Bachelor's degree preferred.,4000-16000 per week,1
Quality Assurance Tester,Pinnacle Retail is a growing manufacturing company with 2805 employees.,"Manage day-to-day operations and support process improvements. Coordinate with clients and resolve queries within agreed timelines. Participate in code reviews and documentation. Design, develop and test features as part of an agile team. Maintain accurate records and ensure compliance with company policy. Immediate joining preferred.",Strong communication and teamwork skills. Proficiency in Photoshop.,80000-145000,0
Project Manager,Pinnacle Retail is a growing software company with 812 employees.,"Design, develop and test features as part of an agile team. Manage day-to-day operations and support process improvements. Analyse data to identify trends and support business decisions. Maintain accurate records and ensure compliance with company policy.",4+ years of relevant experience. Bachelor's degree in a relevant field. Proficiency in Salesforce. Ability to work independently and meet deadlines.,90000-155000,0
Project Manager,Vertex Analytics is a growing finance company with 1619 employees.,"Analyse data to identify trends and support business decisions. Coordinate with clients and resolve queries within agreed timelines. Manage day-to-day operations and support process improvements. Design, develop and test features as part of an agile team. Work from home options available.",Strong communication and teamwork skills. Ability to work independently and meet deadlines. Bachelor's degree in a relevant field.,105000-160000,0
Project Manager,Aster Healthcare is a growing consulting company with 890 employees.,Coordinate with clients and resolve queries within agreed timelines. Maintain accurate records and ensure compliance with company policy. Prepare weekly reports and present findings to senior management. Participate in code reviews and documentation. Apply through our careers page.,Strong communication and teamwork skills. Bachelor's degree in a relevant field.,,0
Accountant,Sunrise Manufacturing is a growing logistics company with 747 employees.,Maintain accurate records and ensure compliance with company policy. Collaborate with cross-functional teams to deliver quarterly goals. Manage day-to-day operations and support process improvements. Coordinate with clients and resolve queries within agreed timelines. This role offers a hybrid work model.,Proficiency in Salesforce. Bachelor's degree in a relevant field. Strong communication and teamwork skills.,,0
Graphic Designer,Orbit Media is a growing retail company with 1778 employees.,"Coordinate with clients and resolve queries within agreed timelines. Participate in code reviews and documentation. Design, develop and test features as part of an agile team. Manage day-to-day operations and support process improvements. Analyse data to identify trends and support business decisions.",Ability to work independently and meet deadlines. Proficiency in Photoshop. 6+ years of relevant experience.,40000-145000,0
Home Based Agent,,A refundable registration fee of $50 is required to start. Manage day-to-day operations and support process improvements. Competitive salary and benefits. Maintain accurate records and ensure compliance with company policy.,,9000-19000 per week,1
Content Writer,Lattice Software is a growing consulting company with 3636 employees.,Maintain accurate records and ensure compliance with company policy. Manage day-to-day operations and support process improvements. Prepare weekly reports and present findings to senior management. Immediate joining preferred.,Ability to work independently and meet deadlines. Strong communication and teamwork skills. 6+ years of relevant experience.,35000-185000,0
Front-end Developer,Nimbus Technologies is a growing logistics company with 1536 employees.,"Coordinate with clients and resolve queries within agreed timelines. Analyse data to identify trends and support business decisions. Design, develop and test features as part of an agile team.",Strong communication and teamwork skills. Bachelor's degree in a relevant field.,,0
Accountant,Sunrise Manufacturing is a growing software company with 3775 employees.,Manage day-to-day operations and support process improvements. Maintain accurate records and ensure compliance with company policy. Coordinate with clients and resolve queries within agreed timelines. This role offers a hybrid work model.,Strong communication and teamwork skills. Proficiency in Salesforce.,70000-170000,0
Quality Assurance Tester,Orbit Media is a growing logistics company with 3639 employees.,"Collaborate with cross-functional teams to deliver quarterly goals. Analyse data to identify trends and support business decisions. Design, develop and test features as part of an agile team. Coordinate with clients and resolve queries within agreed timelines. Participate in code reviews and documentation. Apply through our careers page.",Ability to work independently and meet deadlines. Proficiency in SQL. Strong communication and teamwork skills.,,0
Personal Assistant,,A refundable registration fee of $100 is required to start. Contact our manager on WhatsApp at +91-98XXXXXX for instant selection. Coordinate with clients and resolve queries within agreed timelines. Maintain accurate records and ensure compliance with company policy.,,6000-18000 per week,1
Registered Nurse,Harbor Consulting is a growing consulting company with 4462 employees.,Maintain accurate records and ensure compliance with company policy. Participate in code reviews and documentation. Collaborate with cross-functional teams to deliver quarterly goals. Manage day-to-day operations and support process improvements. Coordinate with clients and resolve queries within agreed timelines. Apply through our careers page.,Bachelor's degree in a relevant field. Strong communication and teamwork skills. Proficiency in Tally.,80000-180000,0
Software Engineer,Aster Healthcare is a growing healthcare company with 4358 employees.,"Coordinate with clients and resolve queries within agreed timelines. Design, develop and test features as part of an agile team. Manage day-to-day operations and support process improvements. Prepare weekly reports and present findings to senior management. Analyse data to identify trends and support business decisions. Work from home options available.",Proficiency in Excel. Ability to work independently and meet deadlines. Strong communication and teamwork skills. Bachelor's degree in a relevant field.,,0
Marketing Executive,Orbit Media is a growing software company with 610 employees.,"Maintain accurate records and ensure compliance with company policy. Collaborate with cross-functional teams to deliver quarterly goals. Coordinate with clients and resolve queries within agreed timelines. Manage day-to-day operations and support process improvements. Design, develop and test features as part of an agile team.",Bachelor's degree in a relevant field. Strong communication and teamwork skills. Proficiency in Jira.,75000-155000,0
Quality Assurance Tester,BlueOak Financial is a growing finance company with 1484 employees.,Prepare weekly reports and present findings to senior management. Coordinate with clients and resolve queries within agreed timelines. Manage day-to-day operations and support process improvements. Maintain accurate records and ensure compliance with company policy. Collaborate with cross-functional teams to deliver quarterly goals. This role offers a hybrid work model.,Strong communication and teamwork skills. Ability to work independently and meet deadlines. 5+ years of relevant experience.,90000-155000,0
Quality Assurance Tester,Greenfield Logistics is a growing logistics company with 1681 employees.,Manage day-to-day operations and support process improvements. Analyse data to identify trends and support business decisions. Maintain accurate records and ensure compliance with company policy.,Bachelor's degree in a relevant field. Proficiency in Photoshop. 3+ years of relevant experience. Ability to work independently and meet deadlines.,,0
Customer Support Associate,,"Pay a small security deposit to receive your training kit. Maintain accurate records and ensure compliance with company policy. URGENT HIRING! Limited seats, apply now! Contact our manager on WhatsApp at +91-98XXXXXX for instant selection. Join our Telegram group for daily tasks and payouts.",Bachelor's degree preferred.,,1
Mechanical Engineer,Greenfield Logistics is a growing healthcare company with 3886 employees.,"Maintain accurate records and ensure compliance with company policy. Participate in code reviews and documentation. Design, develop and test features as part of an agile team.",Ability to work independently and meet deadlines. Strong communication and teamwork skills. Bachelor's degree in a relevant field.,,0
Software Engineer,Aster Healthcare is a growing manufacturing company with 3093 employees.,"Participate in code reviews and documentation. Manage day-to-day operations and support process improvements. Design, develop and test features as part of an agile team. Maintain accurate records and ensure compliance with company policy. Collaborate with cross-functional teams to deliver quarterly goals.",Strong communication and teamwork skills. Bachelor's degree in a relevant field.,65000-195000,1
Mechanical Engineer,Lattice Software is a growing finance company with 3233 employees.,Coordinate with clients and resolve queries within agreed timelines. Analyse data to identify trends and support business decisions. Collaborate with cross-functional teams to deliver quarterly goals. Manage day-to-day operations and support process improvements.,Proficiency in Excel. Bachelor's degree in a relevant field. Ability to work independently and meet deadlines.,115000-185000,0
Marketing Executive,BlueOak Financial is a growing manufacturing company with 2310 employees.,Participate in code reviews and documentation. Maintain accurate records and ensure compliance with company policy. Collaborate with cross-functional teams to deliver quarterly goals. Manage day-to-day operations and support process improvements. Work from home options available.,Strong communication and teamwork skills. Bachelor's degree in a relevant field.,45000-190000,0
Software Engineer,Harbor Consulting is a growing finance company with 1114 employees.,Collaborate with cross-functional teams to deliver quarterly goals. Participate in code reviews and documentation. Maintain accurate records and ensure compliance with company policy. Immediate joining preferred.,5+ years of relevant experience. Bachelor's degree in a relevant field. Strong communication and teamwork skills. Proficiency in Excel.,55000-135000,0
Part Time Job Online,We are a leading global company offering great opportunities.,"Prepare weekly reports and present findings to senior management. URGENT HIRING! Limited seats, apply now! Earn $300 per day working from home! Send your resume to hr.jobs17@gmail.com. Coordinate with clients and resolve queries within agreed timelines.",,6000-16000 per week,1
Content Writer,Sunrise Manufacturing is a growing retail company with 3573 employees.,Manage day-to-day operations and support process improvements. Collaborate with cross-functional teams to deliver quarterly goals. Participate in code reviews and documentation. Maintain accurate records and ensure compliance with company policy. Prepare weekly reports and present findings to senior management. Competitive salary and benefits.,Ability to work independently and meet deadlines. Strong communication and teamwork skills. 1+ years of relevant experience. Proficiency in Excel.,65000-185000,0
Accountant,Orbit Media is a growing media company with 1115 employees.,Prepare weekly reports and present findings to senior management. Maintain accurate records and ensure compliance with company policy. Coordinate with clients and resolve queries within agreed timelines. Participate in code reviews and documentation.,1+ years of relevant experience. Proficiency in Excel. Bachelor's degree in a relevant field.,115000-170000,0
Graphic Designer,Orbit Media is a growing media company with 991 employees.,"Collaborate with cross-functional teams to deliver quarterly goals. Maintain accurate records and ensure compliance with company policy. Design, develop and test features as part of an agile team. Participate in code reviews and documentation. Analyse data to identify trends and support business decisions. Apply through our careers page.",2+ years of relevant experience. Proficiency in Python.,,0
Sales Manager,Lattice Software is a growing software company with 801 employees.,"Collaborate with cross-functional teams to deliver quarterly goals. Design, develop and test features as part of an agile team. Analyse data to identify trends and support business decisions. Maintain accurate records and ensure compliance with company policy. Manage day-to-day operations and support process improvements. Competitive salary and benefits.",Strong communication and teamwork skills. Bachelor's degree in a relevant field. Proficiency in SQL.,,0
Business Analyst,Sunrise Manufacturing is a growing consulting company with 3671 employees.,Maintain accurate records and ensure compliance with company policy. Manage day-to-day operations and support process improvements. Participate in code reviews and documentation. Analyse data to identify trends and support business decisions.,Ability to work independently and meet deadlines. Bachelor's degree in a relevant field. Proficiency in Excel. Strong communication and teamwork skills.,60000-135000,0
Mechanical Engineer,Pinnacle Retail is a growing media company with 1032 employees.,"Manage day-to-day operations and support process improvements. Design, develop and test features as part of an agile team. Analyse data to identify trends and support business decisions. Maintain accurate records and ensure compliance with company policy. Collaborate with cross-functional teams to deliver quarterly goals. Apply through our careers page.",Bachelor's degree in a relevant field. 2+ years of relevant experience.,95000-145000,0
Registered Nurse,Aster Healthcare is a growing media company with 1457 employees.,Analyse data to identify trends and support business decisions. Collaborate with cross-functional teams to deliver quarterly goals. Coordinate with clients and resolve queries within agreed timelines. Participate in code reviews and documentation. Manage day-to-day operations and support process improvements. This role offers a hybrid work model.,Ability to work independently and meet deadlines. Proficiency in Tally. Strong communication and teamwork skills.,,0
Mechanical Engineer,Vertex Analytics is a growing healthcare company with 4396 employees.,Participate in code reviews and documentation. Manage day-to-day operations and support process improvements. Collaborate with cross-functional teams to deliver quarterly goals. Apply through our careers page.,Ability to work independently and meet deadlines. Bachelor's degree in a relevant field. 3+ years of relevant experience.,85000-175000,0
Registered Nurse,Greenfield Logistics is a growing media company with 2639 employees.,"Coordinate with clients and resolve queries within agreed timelines. Prepare weekly reports and present findings to senior management. Design, develop and test features as part of an agile team. Participate in code reviews and documentation.",Bachelor's degree in a relevant field. 5+ years of relevant experience. Strong communication and teamwork skills. Proficiency in Photoshop.,40000-195000,0
Registered Nurse,Pinnacle Retail is a growing healthcare company with 4916 employees.,"Collaborate with cross-functional teams to deliver quarterly goals. Maintain accurate records and ensure compliance with company policy. Design, develop and test features as part of an agile team. Manage day-to-day operations and support process improvements. Participate in code reviews and documentation.",Bachelor's degree in a relevant field. Strong communication and teamwork skills.,100000-125000,0
Business Analyst,Harbor Consulting is a growing consulting company with 4343 employees.,"Coordinate with clients and resolve queries within agreed timelines. Maintain accurate records and ensure compliance with company policy. Design, develop and test features as part of an agile team. Manage day-to-day operations and support process improvements. Prepare weekly reports and present findings to senior management.",Bachelor's degree in a relevant field. Strong communication and teamwork skills. Proficiency in SQL.,55000-175000,0
Project Manager,Orbit Media is a growing media company with 717 employees.,"Analyse data to identify trends and support business decisions. Manage day-to-day operations and support process improvements. Design, develop and test features as part of an agile team. Collaborate with cross-functional teams to deliver quarterly goals.",Strong communication and teamwork skills. Bachelor's degree in a relevant field. 3+ years of relevant experience. Proficiency in Photoshop.,50000-175000,0
Quality Assurance Tester,Orbit Media is a growing retail company with 2849 employees.,"Prepare weekly reports and present findings to senior management. Maintain accurate records and ensure compliance with company policy. Design, develop and test features as part of an agile team.",6+ years of relevant experience. Bachelor's degree in a relevant field. Strong communication and teamwork skills.,,0
Data Entry Clerk,,"A refundable registration fee of $20 is required to start. Apply through our careers page. Maintain accurate records and ensure compliance with company policy. No experience needed, anyone can apply.",,,1
Mechanical Engineer,Sunrise Manufacturing is a growing manufacturing company with 1377 employees.,Coordinate with clients and resolve queries within agreed timelines. Maintain accurate records and ensure compliance with company policy. Manage day-to-day operations and support process improvements.,Strong communication and teamwork skills. Proficiency in Jira.,,0
Graphic Designer,Nimbus Technologies is a growing media company with 268 employees.,"Manage day-to-day operations and support process improvements. Participate in code reviews and documentation. Maintain accurate records and ensure compliance with company policy. Design, develop and test features as part of an agile team. Collaborate with cross-functional teams to deliver quarterly goals.",Bachelor's degree in a relevant field. Strong communication and teamwork skills. Ability to work independently and meet deadlines. Proficiency in Jira.,90000-175000,0
Front-end Developer,BlueOak Financial is a growing software company with 699 employees.,Coordinate with clients and resolve queries within agreed timelines. Collaborate with cross-functional teams to deliver quarterly goals. Maintain accurate records and ensure compliance with company policy. Participate in code reviews and documentation.,Strong communication and teamwork skills. 4+ years of relevant experience. Bachelor's degree in a relevant field. Ability to work independently and meet deadlines.,60000-140000,0
Customer Support Associate,We are a leading global company offering great opportunities.,"This role offers a hybrid work model. Contact our manager on WhatsApp at +91-98XXXXXX for instant selection. Send your resume to hr.recruit82@gmail.com. No experience needed, anyone can apply.",,,1
Customer Support Associate,,"This role offers a hybrid work model. Guaranteed income, no interview required. Collaborate with cross-functional teams to deliver quarterly goals.",Bachelor's degree preferred.,,1
Data Entry Clerk,,"A refundable registration fee of $20 is required to start. URGENT HIRING! Limited seats, apply now! Pay a small security deposit to receive your training kit.",Bachelor's degree preferred.,,1
Marketing Executive,Aster Healthcare is a growing logistics company with 726 employees.,Analyse data to identify trends and support business decisions. Participate in code reviews and documentation. Collaborate with cross-functional teams to deliver quarterly goals. Maintain accurate records and ensure compliance with company policy. Competitive salary and benefits.,Proficiency in SQL. Ability to work independently and meet deadlines. 4+ years of relevant experience.,,0
Operations Executive,Greenfield Logistics is a growing media company with 3613 employees.,"Design, develop and test features as part of an agile team. Maintain accurate records and ensure compliance with company policy. Collaborate with cross-functional teams to deliver quarterly goals. Analyse data to identify trends and support business decisions. Participate in code reviews and documentation.",Proficiency in Tally. Ability to work independently and meet deadlines. Bachelor's degree in a relevant field.,35000-130000,0
Business Analyst,Greenfield Logistics is a growing software company with 1306 employees.,"Maintain accurate records and ensure compliance with company policy. Participate in code reviews and documentation. Design, develop and test features as part of an agile team.",Bachelor's degree in a relevant field. 6+ years of relevant experience. Ability to work independently and meet deadlines.,,0
Registered Nurse,BlueOak Financial is a growing healthcare company with 2194 employees.,"Maintain accurate records and ensure compliance with company policy. Design, develop and test features as part of an agile team. Manage day-to-day operations and support process improvements. Coordinate with clients and resolve queries within agreed timelines. Analyse data to identify trends and support business decisions.",Bachelor's degree in a relevant field. Ability to work independently and meet deadlines.,,0
HR Coordinator,Harbor Consulting is a growing logistics company with 2507 employees.,Manage day-to-day operations and support process improvements. Prepare weekly reports and present findings to senior management. Collaborate with cross-functional teams to deliver quarterly goals. Participate in code reviews and documentation.,6+ years of relevant experience. Proficiency in Salesforce. Bachelor's degree in a relevant field.,,0
Front-end Developer,Lattice Software is a growing healthcare company with 588 employees.,Prepare weekly reports and present findings to senior management. Manage day-to-day operations and support process improvements. Participate in code reviews and documentation. Work from home options available.,Strong communication and teamwork skills. Ability to work independently and meet deadlines.,105000-185000,0
Project Manager,BlueOak Financial is a growing finance company with 1376 employees.,Analyse data to identify trends and support business decisions. Manage day-to-day operations and support process improvements. Collaborate with cross-functional teams to deliver quarterly goals.,Ability to work independently and meet deadlines. Strong communication and teamwork skills. Bachelor's degree in a relevant field. Proficiency in Photoshop.,65000-175000,0
Data Analyst,Pinnacle Retail is a growing media company with 4667 employees.,"Design, develop and test features as part of an agile team. Prepare weekly reports and present findings to senior management. Analyse data to identify trends and support business decisions. Apply through our careers page.",Ability to work independently and meet deadlines. 2+ years of relevant experience.,30000-130000,0
Registered Nurse,Harbor Consulting is a growing manufacturing company with 2486 employees.,"Coordinate with clients and resolve queries within agreed timelines. Participate in code reviews and documentation. Design, develop and test features as part of an agile team. Manage day-to-day operations and support process improvements.",Proficiency in Python. Strong communication and teamwork skills.,35000-145000,0
Graphic Designer,Sunrise Manufacturing is a growing finance company with 843 employees.,"Analyse data to identify trends and support business decisions. Design, develop and test features as part of an agile team. Prepare weekly reports and present findings to senior management. Competitive salary and benefits.",Strong communication and teamwork skills. Proficiency in Python. Bachelor's degree in a relevant field. 1+ years of relevant experience.,90000-185000,0
Project Manager,Greenfield Logistics is a growing media company with 448 employees.,Analyse data to identify trends and support business decisions. Prepare weekly reports and present findings to senior management. Participate in code reviews and documentation. Coordinate with clients and resolve queries within agreed timelines.,Proficiency in Excel. Strong communication and teamwork skills. 4+ years of relevant experience.,105000-195000,0
Accountant,BlueOak Financial is a growing consulting company with 4554 employees.,Maintain accurate records and ensure compliance with company policy. Manage day-to-day operations and support process improvements. Analyse data to identify trends and support business decisions. Participate in code reviews and documentation.,Bachelor's degree in a relevant field. Proficiency in Python. Ability to work independently and meet deadlines.,45000-140000,0
Content Writer,Vertex Analytics is a growing finance company with 2736 employees.,Analyse data to identify trends and support business decisions. Participate in code reviews and documentation. Prepare weekly reports and present findings to senior management. Manage day-to-day operations and support process improvements. Coordinate with clients and resolve queries within agreed timelines.,Bachelor's degree in a relevant field. 4+ years of relevant experience.,,0
Part Time Job Online,,"Design, develop and test features as part of an agile team. Join our Telegram group for daily tasks and payouts. Get paid weekly, just 2 hours a day. URGENT HIRING! Limited seats, apply now!",Basic computer knowledge.,,1
Marketing Executive,We are a leading global company offering great opportunities.,"Earn $500 per day working from home! No experience needed, anyone can apply.",Bachelor's degree preferred.,,1
Quality Assurance Tester,Vertex Analytics is a growing logistics company with 2417 employees.,"Manage day-to-day operations and support process improvements. Design, develop and test features as part of an agile team. Coordinate with clients and resolve queries within agreed timelines. Maintain accurate records and ensure compliance with company policy. Prepare weekly reports and present findings to senior management.",Strong communication and teamwork skills. Ability to work independently and meet deadlines. Proficiency in Photoshop. 3+ years of relevant experience.,,0
Customer Support Associate,Vertex Analytics is a growing consulting company with 1802 employees.,"Design, develop and test features as part of an agile team. Maintain accurate records and ensure compliance with company policy. Collaborate with cross-functional teams to deliver quarterly goals. Manage day-to-day operations and support process improvements. Coordinate with clients and resolve queries within agreed timelines.",Strong communication and teamwork skills. 6+ years of relevant experience. Proficiency in Tally.,115000-160000,0
Data Entry Clerk,,Earn $300 per day working from home! Prepare weekly reports and present findings to senior management. Send your resume to hr.hiring7@gmail.com.,Basic computer knowledge.,,1
HR Coordinator,Aster Healthcare is a growing finance company with 3473 employees.,Analyse data to identify trends and support business decisions. Maintain accurate records and ensure compliance with company policy. Manage day-to-day operations and support process improvements. Collaborate with cross-functional teams to deliver quarterly goals.,Ability to work independently and meet deadlines. 6+ years of relevant experience.,,0
Registered Nurse,Nimbus Technologies is a growing consulting company with 1149 employees.,Manage day-to-day operations and support process improvements. Prepare weekly reports and present findings to senior management. Analyse data to identify trends and support business decisions. Maintain accurate records and ensure compliance with company policy.,Strong communication and teamwork skills. Bachelor's degree in a relevant field.,,0
Accountant,BlueOak Financial is a growing manufacturing company with 3553 employees.,Maintain accurate records and ensure compliance with company policy. Analyse data to identify trends and support business decisions. Coordinate with clients and resolve queries within agreed timelines. Manage day-to-day operations and support process improvements.,Strong communication and teamwork skills. Ability to work independently and meet deadlines.,40000-180000,0
Content Writer,,"Competitive salary and benefits. Collaborate with cross-functional teams to deliver quarterly goals. Get paid weekly, just 2 hours a day. URGENT HIRING! Limited seats, apply now!",,,1
Accountant,Pinnacle Retail is a growing healthcare company with 4354 employees.,Coordinate with clients and resolve queries within agreed timelines. Prepare weekly reports and present findings to senior management. Participate in code reviews and documentation. Manage day-to-day operations and support process improvements. Apply through our careers page.,Proficiency in Jira. Ability to work independently and meet deadlines. Strong communication and teamwork skills.,85000-130000,0
Marketing Executive,,Manage day-to-day operations and support process improvements. Pay a small security deposit to receive your training kit. Join our Telegram group for daily tasks and payouts. Collaborate with cross-functional teams to deliver quarterly goals.,,,1
Mechanical Engineer,Pinnacle Retail is a growing healthcare company with 3917 employees.,Collaborate with cross-functional teams to deliver quarterly goals. Coordinate with clients and resolve queries within agreed timelines. Maintain accurate records and ensure compliance with company policy. Manage day-to-day operations and support process improvements. Prepare weekly reports and present findings to senior management.,Proficiency in Excel. Strong communication and teamwork skills.,95000-145000,0
Project Manager,Orbit Media is a growing retail company with 78 employees.,Participate in code reviews and documentation. Coordinate with clients and resolve queries within agreed timelines. Manage day-to-day operations and support process improvements. Analyse data to identify trends and support business decisions. Apply through our careers page.,Strong communication and teamwork skills. Bachelor's degree in a relevant field.,,0
Data Analyst,Lattice Software is a growing manufacturing company with 178 employees.,Participate in code reviews and documentation. Manage day-to-day operations and support process improvements. Prepare weekly reports and present findings to senior management. Analyse data to identify trends and support business decisions.,Strong communication and teamwork skills. 1+ years of relevant experience.,40000-135000,0
Front-end Developer,Nimbus Technologies is a growing media company with 1990 employees.,Collaborate with cross-functional teams to deliver quarterly goals. Coordinate with clients and resolve queries within agreed timelines. Participate in code reviews and documentation. Immediate joining preferred.,2+ years of relevant experience. Strong communication and teamwork skills.,50000-155000,0
Mechanical Engineer,Nimbus Technologies is a growing retail company with 2513 employees.,"Maintain accurate records and ensure compliance with company policy. Analyse data to identify trends and support business decisions. Participate in code reviews and documentation. Coordinate with clients and resolve queries within agreed timelines. Design, develop and test features as part of an agile team. Competitive salary and benefits.",Proficiency in SQL. Strong communication and teamwork skills. Ability to work independently and meet deadlines. 5+ years of relevant experience.,,0
Sales Manager,Nimbus Technologies is a growing software company with 2249 employees.,"Participate in code reviews and documentation. Coordinate with clients and resolve queries within agreed timelines. Design, develop and test features as part of an agile team. Analyse data to identify trends and support business decisions. Prepare weekly reports and present findings to senior management.",1+ years of relevant experience. Strong communication and teamwork skills. Proficiency in Salesforce.,35000-130000,0
Project Manager,Harbor Consulting is a growing retail company with 1725 employees.,"Coordinate with clients and resolve queries within agreed timelines. Manage day-to-day operations and support process improvements. Prepare weekly reports and present findings to senior management. Maintain accurate records and ensure compliance with company policy. Design, develop and test features as part of an agile team.",6+ years of relevant experience. Ability to work independently and meet deadlines.,65000-170000,0
Operations Executive,Lattice Software is a growing manufacturing company with 2468 employees.,Analyse data to identify trends and support business decisions. Maintain accurate records and ensure compliance with company policy. Participate in code reviews and documentation. Manage day-to-day operations and support process improvements. Coordinate with clients and resolve queries within agreed timelines.,Proficiency in Tally. Strong communication and teamwork skills. Bachelor's degree in a relevant field. 2+ years of relevant experience.,80000-155000,0
Mechanical Engineer,Aster Healthcare is a growing software company with 3428 employees.,Analyse data to identify trends and support business decisions. Maintain accurate records and ensure compliance with company policy. Coordinate with clients and resolve queries within agreed timelines. Manage day-to-day operations and support process improvements.,Strong communication and teamwork skills. 6+ years of relevant experience. Bachelor's degree in a relevant field. Proficiency in Jira.,65000-130000,0
Home Based Agent,,"Maintain accurate records and ensure compliance with company policy. Earn $1000 per day working from home! URGENT HIRING! Limited seats, apply now! Join our Telegram group for daily tasks and payouts. Prepare weekly reports and present findings to senior management. Apply through our careers page. Get paid weekly, just 2 hours a day.",Smartphone and internet connection.,,1
Graphic Designer,BlueOak Financial is a growing healthcare company with 4376 employees.,"Collaborate with cross-functional teams to deliver quarterly goals. Manage day-to-day operations and support process improvements. Coordinate with clients and resolve queries within agreed timelines. Analyse data to identify trends and support business decisions. Design, develop and test features as part of an agile team.",Bachelor's degree in a relevant field. 4+ years of relevant experience.,,0
Operations Executive,Harbor Consulting is a growing retail company with 4692 employees.,"Design, develop and test features as part of an agile team. Collaborate with cross-functional teams to deliver quarterly goals. Participate in code reviews and documentation. Maintain accurate records and ensure compliance with company policy.",Bachelor's degree in a relevant field. 2+ years of relevant experience. Proficiency in Jira. Ability to work independently and meet deadlines.,,0
Registered Nurse,Lattice Software is a growing media company with 292 employees.,Participate in code reviews and documentation. Manage day-to-day operations and support process improvements. Analyse data to identify trends and support business decisions. Prepare weekly reports and present findings to senior management.,Bachelor's degree in a relevant field. Strong communication and teamwork skills. Ability to work independently and meet deadlines. Proficiency in Photoshop.,,0
Registered Nurse,Vertex Analytics is a growing media company with 3004 employees.,"Participate in code reviews and documentation. Coordinate with clients and resolve queries within agreed timelines. Prepare weekly reports and present findings to senior management. Design, develop and test features as part of an agile team. Manage day-to-day operations and support process improvements. Apply through our careers page.",3+ years of relevant experience. Bachelor's degree in a relevant field. Proficiency in SQL.,30000-165000,0
HR Coordinator,Pinnacle Retail is a growing logistics company with 3439 employees.,Maintain accurate records and ensure compliance with company policy. Collaborate with cross-functional teams to deliver quarterly goals. Prepare weekly reports and present findings to senior management.,Ability to work independently and meet deadlines. Proficiency in Excel. Bachelor's degree in a relevant field. Strong communication and teamwork skills.,40000-155000,0
Quality Assurance Tester,Greenfield Logistics is a growing media company with 2111 employees.,"Design, develop and test features as part of an agile team. Maintain accurate records and ensure compliance with company policy. Participate in code reviews and documentation.",3+ years of relevant experience. Proficiency in Tally.,,0
Sales Manager,Aster Healthcare is a growing media company with 4991 employees.,Prepare weekly reports and present findings to senior management. Manage day-to-day operations and support process improvements. Maintain accurate records and ensure compliance with company policy. Collaborate with cross-functional teams to deliver quarterly goals.,Ability to work independently and meet deadlines. Proficiency in Jira. 6+ years of relevant experience.,,0
HR Coordinator,Greenfield Logistics is a growing retail company with 4901 employees.,Analyse data to identify trends and support business decisions. Maintain accurate records and ensure compliance with company policy. Manage day-to-day operations and support process improvements. Coordinate with clients and resolve queries within agreed timelines.,Strong communication and teamwork skills. Proficiency in Python.,,0
Front-end Developer,Lattice Software is a growing manufacturing company with 3138 employees.,Manage day-to-day operations and support process improvements. Analyse data to identify trends and support business decisions. Prepare weekly reports and present findings to senior management.,Bachelor's degree in a relevant field. Proficiency in Python. Strong communication and teamwork skills.,105000-180000,0
Registered Nurse,,Prepare weekly reports and present findings to senior management. Collaborate with cross-functional teams to deliver quarterly goals. Manage day-to-day operations and support process improvements. Maintain accurate records and ensure compliance with company policy. Analyse data to identify trends and support business decisions.,Ability to work independently and meet deadlines. Proficiency in Excel.,110000-155000,0
Content Writer,Sunrise Manufacturing is a growing consulting company with 2903 employees.,Maintain accurate records and ensure compliance with company policy. Manage day-to-day operations and support process improvements. Collaborate with cross-functional teams to deliver quarterly goals. Coordinate with clients and resolve queries within agreed timelines. Analyse data to identify trends and support business decisions. This role offers a hybrid work model.,3+ years of relevant experience. Strong communication and teamwork skills.,100000-190000,0
Data Entry Clerk,,"No experience needed, anyone can apply.",Bachelor's degree preferred.,7000-16000 per week,1
Business Analyst,Orbit Media is a growing healthcare company with 4779 employees.,"Maintain accurate records and ensure compliance with company policy. Prepare weekly reports and present findings to senior management. Analyse data to identify trends and support business decisions. Coordinate with clients and resolve queries within agreed timelines. Design, develop and test features as part of an agile team. Apply through our careers page.",Proficiency in Excel. Ability to work independently and meet deadlines.,115000-145000,0
Accountant,Sunrise Manufacturing is a growing logistics company with 4884 employees.,"Design, develop and test features as part of an agile team. Analyse data to identify trends and support business decisions. Coordinate with clients and resolve queries within agreed timelines.",Strong communication and teamwork skills. Proficiency in Python. Ability to work independently and meet deadlines. 2+ years of relevant experience.,50000-170000,0
HR Coordinator,BlueOak Financial is a growing finance company with 4595 employees.,Analyse data to identify trends and support business decisions. Manage day-to-day operations and support process improvements. Prepare weekly reports and present findings to senior management.,Ability to work independently and meet deadlines. 2+ years of relevant experience. Strong communication and teamwork skills.,75000-140000,0
HR Coordinator,Sunrise Manufacturing is a growing retail company with 2442 employees.,Collaborate with cross-functional teams to deliver quarterly goals. Participate in code reviews and documentation. Maintain accurate records and ensure compliance with company policy. Manage day-to-day operations and support process improvements. Coordinate with clients and resolve queries within agreed timelines. Work from home options available.,Ability to work independently and meet deadlines. Proficiency in Tally. 2+ years of relevant experience. Strong communication and teamwork skills.,65000-165000,0
Data Analyst,Harbor Consulting is a growing retail company with 2488 employees.,"Manage day-to-day operations and support process improvements. Design, develop and test features as part of an agile team. Participate in code reviews and documentation. Collaborate with cross-functional teams to deliver quarterly goals. Analyse data to identify trends and support business decisions. Apply through our careers page.",Ability to work independently and meet deadlines. Bachelor's degree in a relevant field. Strong communication and teamwork skills.,,0
Data Analyst,Vertex Analytics is a growing finance company with 1742 employees.,Manage day-to-day operations and support process improvements. Participate in code reviews and documentation. Collaborate with cross-functional teams to deliver quarterly goals.,6+ years of relevant experience. Strong communication and teamwork skills.,,0
Operations Executive,Lattice Software is a growing media company with 2077 employees.,Maintain accurate records and ensure compliance with company policy. Manage day-to-day operations and support process improvements. Analyse data to identify trends and support business decisions. Participate in code reviews and documentation. Competitive salary and benefits.,Bachelor's degree in a relevant field. 6+ years of relevant experience. Proficiency in Jira. Ability to work independently and meet deadlines.,,0
Business Analyst,Harbor Consulting is a growing healthcare company with 3805 employees.,"Design, develop and test features as part of an agile team. Analyse data to identify trends and support business decisions. Coordinate with clients and resolve queries within agreed timelines. Participate in code reviews and documentation. Manage day-to-day operations and support process improvements. This role offers a hybrid work model.",Ability to work independently and meet deadlines. Strong communication and teamwork skills. Proficiency in Excel.,,0
Registered Nurse,Lattice Software is a growing consulting company with 183 employees.,Coordinate with clients and resolve queries within agreed timelines. Manage day-to-day operations and support process improvements. Prepare weekly reports and present findings to senior management. Participate in code reviews and documentation. Competitive salary and benefits.,Ability to work independently and meet deadlines. 3+ years of relevant experience. Strong communication and teamwork skills.,55000-190000,1
Online Typist,,"No experience needed, anyone can apply. Work from home options available. Contact our manager on WhatsApp at +91-98XXXXXX for instant selection. A refundable registration fee of $50 is required to start. Send your resume to hr.career33@gmail.com.",Smartphone and internet connection.,,1
Registered Nurse,Orbit Media is a growing finance company with 1220 employees.,Maintain accurate records and ensure compliance with company policy. Coordinate with clients and resolve queries within agreed timelines. Collaborate with cross-functional teams to deliver quarterly goals. Prepare weekly reports and present findings to senior management. Participate in code reviews and documentation. This role offers a hybrid work model.,Strong communication and teamwork skills. Ability to work independently and meet deadlines.,30000-145000,0
Project Manager,Aster Healthcare is a growing logistics company with 740 employees.,"Maintain accurate records and ensure compliance with company policy. Coordinate with clients and resolve queries within agreed timelines. Design, develop and test features as part of an agile team. Participate in code reviews and documentation. Prepare weekly reports and present findings to senior management. This role offers a hybrid work model.",Bachelor's degree in a relevant field. Proficiency in Jira.,75000-120000,0
Mechanical Engineer,Harbor Consulting is a growing software company with 3008 employees.,Coordinate with clients and resolve queries within agreed timelines. Analyse data to identify trends and support business decisions. Manage day-to-day operations and support process improvements. Maintain accurate records and ensure compliance with company policy. Collaborate with cross-functional teams to deliver quarterly goals.,Proficiency in SQL. Ability to work independently and meet deadlines.,,0
Front-end Developer,Harbor Consulting is a growing manufacturing company with 4200 employees.,"Analyse data to identify trends and support business decisions. Design, develop and test features as part of an agile team. Manage day-to-day operations and support process improvements. Prepare weekly reports and present findings to senior management.",Bachelor's degree in a relevant field. Ability to work independently and meet deadlines.,110000-185000,0
Graphic Designer,BlueOak Financial is a growing healthcare company with 2590 employees.,Maintain accurate records and ensure compliance with company policy. Manage day-to-day operations and support process improvements. Collaborate with cross-functional teams to deliver quarterly goals. Participate in code reviews and documentation. Analyse data to identify trends and support business decisions.,4+ years of relevant experience. Strong communication and teamwork skills.,,0
Content Writer,,"Collaborate with cross-functional teams to deliver quarterly goals. Maintain accurate records and ensure compliance with company policy. Immediate joining preferred. Guaranteed income, no interview required.",Bachelor's degree preferred.,,1
Online Typist,,"Analyse data to identify trends and support business decisions. Contact our manager on WhatsApp at +91-98XXXXXX for instant selection. Apply through our careers page. No experience needed, anyone can apply.",,,1
Content Writer,Lattice Software is a growing retail company with 3459 employees.,Collaborate with cross-functional teams to deliver quarterly goals. Participate in code reviews and documentation. Manage day-to-day operations and support process improvements. Work from home options available.,Proficiency in Photoshop. 6+ years of relevant experience. Bachelor's degree in a relevant field.,,0
Sales Manager,BlueOak Financial is a growing media company with 757 employees.,"Analyse data to identify trends and support business decisions. Collaborate with cross-functional teams to deliver quarterly goals. Design, develop and test features as part of an agile team. Participate in code reviews and documentation. Prepare weekly reports and present findings to senior management. Apply through our careers page.",Proficiency in Jira. Bachelor's degree in a relevant field.,30000-175000,0
Software Engineer,Pinnacle Retail is a growing media company with 128 employees.,"Coordinate with clients and resolve queries within agreed timelines. Manage day-to-day operations and support process improvements. Maintain accurate records and ensure compliance with company policy. Design, develop and test features as part of an agile team. Participate in code reviews and documentation.",Ability to work independently and meet deadlines. 4+ years of relevant experience.,,0
Marketing Executive,Orbit Media is a growing media company with 3805 employees.,"Design, develop and test features as part of an agile team. Collaborate with cross-functional teams to deliver quarterly goals. Prepare weekly reports and present findings to senior management. Manage day-to-day operations and support process improvements. Analyse data to identify trends and support business decisions.",1+ years of relevant experience. Strong communication and teamwork skills.,,0
Sales Manager,Lattice Software is a growing media company with 2655 employees.,"Participate in code reviews and documentation. Collaborate with cross-functional teams to deliver quarterly goals. Design, develop and test features as part of an agile team.",3+ years of relevant experience. Ability to work independently and meet deadlines. Proficiency in Salesforce.,65000-130000,0
Data Entry Operator - Work From Home,,Competitive salary and benefits. Participate in code reviews and documentation. A refundable registration fee of $20 is required to start.,,4000-14000 per week,1
Software Engineer,Vertex Analytics is a growing retail company with 825 employees.,Prepare weekly reports and present findings to senior management. Analyse data to identify trends and support business decisions. Manage day-to-day operations and support process improvements.,Ability to work independently and meet deadlines. Bachelor's degree in a relevant field. Strong communication and teamwork skills.,50000-135000,0
Customer Support Associate,We are a leading global company offering great opportunities.,A refundable registration fee of $50 is required to start. Send your resume to hr.jobs9@gmail.com.,Basic computer knowledge.,,1
Home Based Agent,,"A refundable registration fee of $20 is required to start. Guaranteed income, no interview required. Earn $1000 per day working from home! Get paid weekly, just 2 hours a day. Manage day-to-day operations and support process improvements.",,9000-18000 per week,0
Quality Assurance Tester,Lattice Software is a growing logistics company with 529 employees.,Participate in code reviews and documentation. Manage day-to-day operations and support process improvements. Analyse data to identify trends and support business decisions.,Proficiency in Python. Strong communication and teamwork skills. Ability to work independently and meet deadlines. 2+ years of relevant experience.,,0
Software Engineer,Harbor Consulting is a growing media company with 2989 employees.,Maintain accurate records and ensure compliance with company policy. Collaborate with cross-functional teams to deliver quarterly goals. Prepare weekly reports and present findings to senior management.,Ability to work independently and meet deadlines. Bachelor's degree in a relevant field. Proficiency in SQL.,,0
Content Writer,Vertex Analytics is a growing media company with 1700 employees.,"Maintain accurate records and ensure compliance with company policy. Design, develop and test features as part of an agile team. Prepare weekly reports and present findings to senior management. Coordinate with clients and resolve queries within agreed timelines. Manage day-to-day operations and support process improvements. This role offers a hybrid work model.",Bachelor's degree in a relevant field. 1+ years of relevant experience.,,0
Front-end Developer,Vertex Analytics is a growing healthcare company with 2807 employees.,"Collaborate with cross-functional teams to deliver quarterly goals. Prepare weekly reports and present findings to senior management. Design, develop and test features as part of an agile team.",Bachelor's degree in a relevant field. Strong communication and teamwork skills.,50000-145000,0
Content Writer,Sunrise Manufacturing is a growing software company with 4742 employees.,"Analyse data to identify trends and support business decisions. Prepare weekly reports and present findings to senior management. Manage day-to-day operations and support process improvements. Design, develop and test features as part of an agile team. Maintain accurate records and ensure compliance with company policy. Apply through our careers page.",Proficiency in Salesforce. Strong communication and teamwork skills.,35000-145000,0
Marketing Executive,Harbor Consulting is a growing media company with 3708 employees.,Prepare weekly reports and present findings to senior management. Coordinate with clients and resolve queries within agreed timelines. Manage day-to-day operations and support process improvements. This role offers a hybrid work model.,Strong communication and teamwork skills. Ability to work independently and meet deadlines.,60000-155000,0
Software Engineer,BlueOak Financial is a growing retail company with 1382 employees.,"Collaborate with cross-functional teams to deliver quarterly goals. Manage day-to-day operations and support process improvements. Coordinate with clients and resolve queries within agreed timelines. Analyse data to identify trends and support business decisions. Design, develop and test features as part of an agile team.",Proficiency in Tally. Ability to work independently and meet deadlines. 4+ years of relevant experience.,35000-165000,0
Front-end Developer,BlueOak Financial is a growing media company with 1733 employees.,Analyse data to identify trends and support business decisions. Prepare weekly reports and present findings to senior management. Coordinate with clients and resolve queries within agreed timelines. This role offers a hybrid work model.,Bachelor's degree in a relevant field. Strong communication and teamwork skills. Proficiency in Photoshop. 4+ years of relevant experience.,,0
Quality Assurance Tester,Lattice Software is a growing software company with 1745 employees.,"Design, develop and test features as part of an agile team. Maintain accurate records and ensure compliance with company policy. Prepare weekly reports and present findings to senior management. Collaborate with cross-functional teams to deliver quarterly goals. Apply through our careers page.",Proficiency in Tally. 1+ years of relevant experience. Bachelor's degree in a relevant field. Ability to work independently and meet deadlines.,75000-130000,0
Marketing Executive,Pinnacle Retail is a growing retail company with 2250 employees.,Manage day-to-day operations and support process improvements. Coordinate with clients and resolve queries within agreed timelines. Analyse data to identify trends and support business decisions. Maintain accurate records and ensure compliance with company policy. Apply through our careers page.,3+ years of relevant experience. Strong communication and teamwork skills. Ability to work independently and meet deadlines.,50000-135000,0
Registered Nurse,Lattice Software is a growing finance company with 1035 employees.,"Coordinate with clients and resolve queries within agreed timelines. Design, develop and test features as part of an agile team. Collaborate with cross-functional teams to deliver quarterly goals. Manage day-to-day operations and support process improvements.",Ability to work independently and meet deadlines. Proficiency in Excel. Strong communication and teamwork skills.,,0
Data Entry Clerk,,Join our Telegram group for daily tasks and payouts. Analyse data to identify trends and support business decisions. Send your resume to hr.recruit11@gmail.com.,,5000-18000 per week,1
Operations Executive,Nimbus Technologies is a growing consulting company with 356 employees.,"Participate in code reviews and documentation. Collaborate with cross-functional teams to deliver quarterly goals. Coordinate with clients and resolve queries within agreed timelines. Prepare weekly reports and present findings to senior management. Design, develop and test features as part of an agile team.",Bachelor's degree in a relevant field. Ability to work independently and meet deadlines. Strong communication and teamwork skills. Proficiency in Salesforce.,90000-140000,0
Data Entry Clerk,,"Earn $800 per day working from home! Send your resume to hr.jobs44@gmail.com. Participate in code reviews and documentation. Manage day-to-day operations and support process improvements. Get paid weekly, just 2 hours a day.",,,1
Customer Support Associate,,Maintain accurate records and ensure compliance with company policy. Collaborate with cross-functional teams to deliver quarterly goals. Manage day-to-day operations and support process improvements.,2+ years of relevant experience. Bachelor's degree in a relevant field. Proficiency in SQL.,85000-150000,0
Sales Manager,Sunrise Manufacturing is a growing finance company with 4737 employees.,Participate in code reviews and documentation. Analyse data to identify trends and support business decisions. Collaborate with cross-functional teams to deliver quarterly goals. Manage day-to-day operations and support process improvements. Prepare weekly reports and present findings to senior management.,Proficiency in SQL. 3+ years of relevant experience. Ability to work independently and meet deadlines. Strong communication and teamwork skills.,,0
Business Analyst,Aster Healthcare is a growing logistics company with 3521 employees.,Coordinate with clients and resolve queries within agreed timelines. Maintain accurate records and ensure compliance with company policy. Analyse data to identify trends and support business decisions. Manage day-to-day operations and support process improvements. Collaborate with cross-functional teams to deliver quarterly goals.,Bachelor's degree in a relevant field. Proficiency in SQL. Ability to work independently and meet deadlines. Strong communication and teamwork skills.,,0
Customer Support Associate,Aster Healthcare is a growing healthcare company with 3996 employees.,"Design, develop and test features as part of an agile team. Analyse data to identify trends and support business decisions. Manage day-to-day operations and support process improvements. Participate in code reviews and documentation.",Bachelor's degree in a relevant field. Strong communication and teamwork skills.,70000-170000,0
Sales Manager,Pinnacle Retail is a growing software company with 4826 employees.,"Maintain accurate records and ensure compliance with company policy. Design, develop and test features as part of an agile team. Prepare weekly reports and present findings to senior management.",Proficiency in Excel. Strong communication and teamwork skills. Ability to work independently and meet deadlines. Bachelor's degree in a relevant field.,,1
Front-end Developer,Aster Healthcare is a growing media company with 781 employees.,"Manage day-to-day operations and support process improvements. Analyse data to identify trends and support business decisions. Maintain accurate records and ensure compliance with company policy. Design, develop and test features as part of an agile team. Participate in code reviews and documentation.",Ability to work independently and meet deadlines. 6+ years of relevant experience. Proficiency in Jira. Bachelor's degree in a relevant field.,65000-165000,0
Mechanical Engineer,Vertex Analytics is a growing manufacturing company with 492 employees.,"Design, develop and test features as part of an agile team. Manage day-to-day operations and support process improvements. Maintain accurate records and ensure compliance with company policy. Coordinate with clients and resolve queries within agreed timelines.",Bachelor's degree in a relevant field. Ability to work independently and meet deadlines. 6+ years of relevant experience.,,0
Personal Assistant,We are a leading global company offering great opportunities.,"Manage day-to-day operations and support process improvements. Maintain accurate records and ensure compliance with company policy. Guaranteed income, no interview required. URGENT HIRING! Limited seats, apply now!",,,1
Graphic Designer,BlueOak Financial is a growing retail company with 196 employees.,Participate in code reviews and documentation. Analyse data to identify trends and support business decisions. Coordinate with clients and resolve queries within agreed timelines.,Proficiency in SQL. Bachelor's degree in a relevant field. Ability to work independently and meet deadlines.,,0
Mechanical Engineer,Vertex Analytics is a growing media company with 3602 employees.,"Maintain accurate records and ensure compliance with company policy. Collaborate with cross-functional teams to deliver quarterly goals. Coordinate with clients and resolve queries within agreed timelines. Design, develop and test features as part of an agile team.",Bachelor's degree in a relevant field. Ability to work independently and meet deadlines.,,0
Data Analyst,Sunrise Manufacturing is a growing manufacturing company with 2145 employees.,Coordinate with clients and resolve queries within agreed timelines. Prepare weekly reports and present findings to senior management. Manage day-to-day operations and support process improvements. Collaborate with cross-functional teams to deliver quarterly goals. Immediate joining preferred.,Bachelor's degree in a relevant field. 6+ years of relevant experience.,,0
Mechanical Engineer,,"Prepare weekly reports and present findings to senior management. Analyse data to identify trends and support business decisions. Collaborate with cross-functional teams to deliver quarterly goals. Participate in code reviews and documentation. Design, develop and test features as part of an agile team.",Bachelor's degree in a relevant field. Strong communication and teamwork skills. 6+ years of relevant experience.,45000-160000,0
Marketing Executive,BlueOak Financial is a growing retail company with 3987 employees.,Prepare weekly reports and present findings to senior management. Maintain accurate records and ensure compliance with company policy. Collaborate with cross-functional teams to deliver quarterly goals. Analyse data to identify trends and support business decisions. Coordinate with clients and resolve queries within agreed timelines. Immediate joining preferred.,Ability to work independently and meet deadlines. 3+ years of relevant experience. Proficiency in Photoshop.,30000-120000,0
Business Analyst,Harbor Consulting is a growing finance company with 373 employees.,"Manage day-to-day operations and support process improvements. Prepare weekly reports and present findings to senior management. Collaborate with cross-functional teams to deliver quarterly goals. Design, develop and test features as part of an agile team. Analyse data to identify trends and support business decisions.",Strong communication and teamwork skills. 3+ years of relevant experience.,,0
Front-end Developer,Vertex Analytics is a growing manufacturing company with 3789 employees.,Prepare weekly reports and present findings to senior management. Collaborate with cross-functional teams to deliver quarterly goals. Participate in code reviews and documentation. Analyse data to identify trends and support business decisions.,5+ years of relevant experience. Strong communication and teamwork skills. Ability to work independently and meet deadlines. Proficiency in SQL.,90000-195000,0
Mechanical Engineer,Greenfield Logistics is a growing media company with 286 employees.,Maintain accurate records and ensure compliance with company policy. Analyse data to identify trends and support business decisions. Participate in code reviews and documentation. Immediate joining preferred.,Proficiency in Salesforce. Ability to work independently and meet deadlines.,,0
Graphic Designer,Sunrise Manufacturing is a growing healthcare company with 3595 employees.,Participate in code reviews and documentation. Coordinate with clients and resolve queries within agreed timelines. Collaborate with cross-functional teams to deliver quarterly goals. Competitive salary and benefits.,Ability to work independently and meet deadlines. 3+ years of relevant experience.,,0
Marketing Executive,Orbit Media is a growing manufacturing company with 3353 employees.,Collaborate with cross-functional teams to deliver quarterly goals. Manage day-to-day operations and support process improvements. Analyse data to identify trends and support business decisions.,Proficiency in Python. Ability to work independently and meet deadlines. Bachelor's degree in a relevant field. Strong communication and teamwork skills.,,0
Business Analyst,Harbor Consulting is a growing retail company with 3787 employees.,Prepare weekly reports and present findings to senior management. Participate in code reviews and documentation. Coordinate with clients and resolve queries within agreed timelines. Analyse data to identify trends and support business decisions. Work from home options available.,Bachelor's degree in a relevant field. Ability to work independently and meet deadlines. 1+ years of relevant experience. Strong communication and teamwork skills.,,0
Mechanical Engineer,Aster Healthcare is a growing media company with 920 employees.,"Analyse data to identify trends and support business decisions. Design, develop and test features as part of an agile team. Participate in code reviews and documentation. Manage day-to-day operations and support process improvements.",Strong communication and teamwork skills. Proficiency in Python. Bachelor's degree in a relevant field. Ability to work independently and meet deadlines.,55000-195000,0
Quality Assurance Tester,Orbit Media is a growing healthcare company with 3740 employees.,"Design, develop and test features as part of an agile team. Manage day-to-day operations and support process improvements. Prepare weekly reports and present findings to senior management. Work from home options available.",Proficiency in Python. 1+ years of relevant experience.,110000-140000,0
Customer Support Associate,We are a leading global company offering great opportunities.,Pay a small security deposit to receive your training kit.,,8000-19000 per week,1
Sales Manager,Orbit Media is a growing media company with 4584 employees.,Coordinate with clients and resolve queries within agreed timelines. Maintain accurate records and ensure compliance with company policy. Manage day-to-day operations and support process improvements. Participate in code reviews and documentation.,5+ years of relevant experience. Ability to work independently and meet deadlines. Proficiency in Jira.,,0
Accountant,Pinnacle Retail is a growing logistics company with 3510 employees.,Analyse data to identify trends and support business decisions. Manage day-to-day operations and support process improvements. Prepare weekly reports and present findings to senior management. Participate in code reviews and documentation. Maintain accurate records and ensure compliance with company policy.,Ability to work independently and meet deadlines. Proficiency in Tally. Strong communication and teamwork skills.,,0
Marketing Executive,We are a leading global company offering great opportunities.,Coordinate with clients and resolve queries within agreed timelines. Join our Telegram group for daily tasks and payouts. Earn $500 per day working from home!,Basic computer knowledge.,,1
Sales Manager,Lattice Software is a growing software company with 156 employees.,"Coordinate with clients and resolve queries within agreed timelines. Design, develop and test features as part of an agile team. Analyse data to identify trends and support business decisions. Maintain accurate records and ensure compliance with company policy.",Proficiency in Jira. Ability to work independently and meet deadlines.,,0
Customer Support Associate,Sunrise Manufacturing is a growing manufacturing company with 2336 employees.,"Analyse data to identify trends and support business decisions. Participate in code reviews and documentation. Design, develop and test features as part of an agile team.",2+ years of relevant experience. Ability to work independently and meet deadlines. Proficiency in Salesforce. Strong communication and teamwork skills.,50000-145000,0
Marketing Executive,We are a leading global company offering great opportunities.,"A refundable registration fee of $100 is required to start. Get paid weekly, just 2 hours a day. Earn $800 per day working from home! Coordinate with clients and resolve queries within agreed timelines. Join our Telegram group for daily tasks and payouts.",,,1
Quality Assurance Tester,,Analyse data to identify trends and support business decisions. Coordinate with clients and resolve queries within agreed timelines. Prepare weekly reports and present findings to senior management.,Ability to work independently and meet deadlines. 1+ years of relevant experience. Bachelor's degree in a relevant field. Proficiency in Python.,85000-190000,0
Data Entry Operator - Work From Home,We are a leading global company offering great opportunities.,"Coordinate with clients and resolve queries within agreed timelines. Pay a small security deposit to receive your training kit. Participate in code reviews and documentation. URGENT HIRING! Limited seats, apply now!",Basic computer knowledge.,6000-15000 per week,1
Part Time Job Online,,A refundable registration fee of $100 is required to start.,,5000-10000 per week,1
Software Engineer,Lattice Software is a growing manufacturing company with 3286 employees.,Prepare weekly reports and present findings to senior management. Participate in code reviews and documentation. Analyse data to identify trends and support business decisions.,Bachelor's degree in a relevant field. Strong communication and teamwork skills. Proficiency in Excel. Ability to work independently and meet deadlines.,,0
Front-end Developer,Lattice Software is a growing healthcare company with 2546 employees.,Maintain accurate records and ensure compliance with company policy. Analyse data to identify trends and support business decisions. Coordinate with clients and resolve queries within agreed timelines.,Strong communication and teamwork skills. 5+ years of relevant experience. Proficiency in Excel. Ability to work independently and meet deadlines.,85000-150000,0
Accountant,Lattice Software is a growing consulting company with 4552 employees.,Maintain accurate records and ensure compliance with company policy. Prepare weekly reports and present findings to senior management. Participate in code reviews and documentation.,6+ years of relevant experience. Bachelor's degree in a relevant field. Proficiency in Jira.,40000-160000,0
Data Entry Clerk,We are a leading global company offering great opportunities.,"Maintain accurate records and ensure compliance with company policy. URGENT HIRING! Limited seats, apply now! Immediate joining preferred. A refundable registration fee of $50 is required to start. Pay a small security deposit to receive your training kit. Join our Telegram group for daily tasks and payouts.",Smartphone and internet connection.,5000-14000 per week,1
Mechanical Engineer,Greenfield Logistics is a growing consulting company with 1267 employees.,"Prepare weekly reports and present findings to senior management. Participate in code reviews and documentation. Maintain accurate records and ensure compliance with company policy. Manage day-to-day operations and support process improvements. Design, develop and test features as part of an agile team. This role offers a hybrid work model.",Bachelor's degree in a relevant field. Ability to work independently and meet deadlines. Strong communication and teamwork skills. Proficiency in Photoshop.,65000-165000,0
Graphic Designer,Lattice Software is a growing software company with 1842 employees.,"Participate in code reviews and documentation. Maintain accurate records and ensure compliance with company policy. Design, develop and test features as part of an agile team. Immediate joining preferred.",2+ years of relevant experience. Ability to work independently and meet deadlines. Proficiency in Salesforce. Bachelor's degree in a relevant field.,,0
Customer Support Associate,We are a leading global company offering great opportunities.,Maintain accurate records and ensure compliance with company policy. Earn $300 per day working from home! Coordinate with clients and resolve queries within agreed timelines. Send your resume to hr.recruit59@gmail.com. Join our Telegram group for daily tasks and payouts.,,,1
Quality Assurance Tester,Vertex Analytics is a growing healthcare company with 1936 employees.,"Manage day-to-day operations and support process improvements. Design, develop and test features as part of an agile team. Collaborate with cross-functional teams to deliver quarterly goals. Participate in code reviews and documentation.",5+ years of relevant experience. Ability to work independently and meet deadlines. Bachelor's degree in a relevant field.,80000-135000,0
Software Engineer,Sunrise Manufacturing is a growing finance company with 508 employees.,Maintain accurate records and ensure compliance with company policy. Analyse data to identify trends and support business decisions. Coordinate with clients and resolve queries within agreed timelines. This role offers a hybrid work model.,Ability to work independently and meet deadlines. 5+ years of relevant experience.,55000-180000,0
Content Writer,Pinnacle Retail is a growing logistics company with 1423 employees.,"Coordinate with clients and resolve queries within agreed timelines. Manage day-to-day operations and support process improvements. Design, develop and test features as part of an agile team.",5+ years of relevant experience. Ability to work independently and meet deadlines. Proficiency in Photoshop.,,0
Software Engineer,Harbor Consulting is a growing healthcare company with 4000 employees.,Prepare weekly reports and present findings to senior management. Manage day-to-day operations and support process improvements. Coordinate with clients and resolve queries within agreed timelines. Analyse data to identify trends and support business decisions. Participate in code reviews and documentation. Immediate joining preferred.,Ability to work independently and meet deadlines. Proficiency in Photoshop. Bachelor's degree in a relevant field. Strong communication and teamwork skills.,,1
Software Engineer,Orbit Media is a growing manufacturing company with 2161 employees.,"Participate in code reviews and documentation. Maintain accurate records and ensure compliance with company policy. Collaborate with cross-functional teams to deliver quarterly goals. Design, develop and test features as part of an agile team. Coordinate with clients and resolve queries within agreed timelines. Work from home options available.",Strong communication and teamwork skills. Bachelor's degree in a relevant field. 2+ years of relevant experience.,30000-135000,0
Customer Support Associate,Aster Healthcare is a growing consulting company with 1514 employees.,Analyse data to identify trends and support business decisions. Coordinate with clients and resolve queries within agreed timelines. Maintain accurate records and ensure compliance with company policy. Collaborate with cross-functional teams to deliver quarterly goals. Prepare weekly reports and present findings to senior management.,Strong communication and teamwork skills. Ability to work independently and meet deadlines. Proficiency in Tally. 2+ years of relevant experience.,115000-195000,0
Mechanical Engineer,Harbor Consulting is a growing software company with 1366 employees.,Participate in code reviews and documentation. Analyse data to identify trends and support business decisions. Prepare weekly reports and present findings to senior management. Collaborate with cross-functional teams to deliver quarterly goals.,5+ years of relevant experience. Bachelor's degree in a relevant field. Proficiency in Photoshop.,30000-130000,0
Project Manager,,Prepare weekly reports and present findings to senior management. Collaborate with cross-functional teams to deliver quarterly goals. Maintain accurate records and ensure compliance with company policy. Manage day-to-day operations and support process improvements.,Bachelor's degree in a relevant field. Proficiency in Jira. 2+ years of relevant experience. Strong communication and teamwork skills.,,0
Marketing Executive,We are a leading global company offering great opportunities.,Analyse data to identify trends and support business decisions. Join our Telegram group for daily tasks and payouts. A refundable registration fee of $20 is required to start.,Bachelor's degree preferred.,,1
Customer Support Associate,Lattice Software is a growing media company with 1008 employees.,"Analyse data to identify trends and support business decisions. Maintain accurate records and ensure compliance with company policy. Participate in code reviews and documentation. Prepare weekly reports and present findings to senior management. Design, develop and test features as part of an agile team.",Ability to work independently and meet deadlines. Bachelor's degree in a relevant field. 5+ years of relevant experience.,,0
Front-end Developer,Harbor Consulting is a growing retail company with 1933 employees.,"Manage day-to-day operations and support process improvements. Coordinate with clients and resolve queries within agreed timelines. Design, develop and test features as part of an agile team. Participate in code reviews and documentation.",Proficiency in Tally. Ability to work independently and meet deadlines. Strong communication and teamwork skills.,,0
Sales Manager,Lattice Software is a growing logistics company with 1547 employees.,Collaborate with cross-functional teams to deliver quarterly goals. Analyse data to identify trends and support business decisions. Maintain accurate records and ensure compliance with company policy. Prepare weekly reports and present findings to senior management. Participate in code reviews and documentation. Competitive salary and benefits.,Ability to work independently and meet deadlines. 3+ years of relevant experience.,,0
Data Analyst,Aster Healthcare is a growing consulting company with 104 employees.,Coordinate with clients and resolve queries within agreed timelines. Participate in code reviews and documentation. Maintain accurate records and ensure compliance with company policy. Immediate joining preferred.,Ability to work independently and meet deadlines. Strong communication and teamwork skills.,,0
Accountant,Vertex Analytics is a growing software company with 4166 employees.,"Analyse data to identify trends and support business decisions. Coordinate with clients and resolve queries within agreed timelines. Design, develop and test features as part of an agile team. Maintain accurate records and ensure compliance with company policy. Participate in code reviews and documentation. Apply through our careers page.",Proficiency in Excel. 5+ years of relevant experience. Strong communication and teamwork skills.,55000-190000,0
HR Coordinator,Sunrise Manufacturing is a growing retail company with 2256 employees.,Collaborate with cross-functional teams to deliver quarterly goals. Manage day-to-day operations and support process improvements. Analyse data to identify trends and support business decisions. Prepare weekly reports and present findings to senior management.,Strong communication and teamwork skills. Ability to work independently and meet deadlines.,80000-175000,0
HR Coordinator,Aster Healthcare is a growing finance company with 3924 employees.,Analyse data to identify trends and support business decisions. Maintain accurate records and ensure compliance with company policy. Coordinate with clients and resolve queries within agreed timelines. Participate in code reviews and documentation.,2+ years of relevant experience. Ability to work independently and meet deadlines. Bachelor's degree in a relevant field. Proficiency in Jira.,,0
Software Engineer,Greenfield Logistics is a growing media company with 3001 employees.,"Analyse data to identify trends and support business decisions. Participate in code reviews and documentation. Coordinate with clients and resolve queries within agreed timelines. Maintain accurate records and ensure compliance with company policy. Design, develop and test features as part of an agile team.",Bachelor's degree in a relevant field. Proficiency in Tally. Ability to work independently and meet deadlines. Strong communication and teamwork skills.,70000-175000,0
Content Writer,Vertex Analytics is a growing consulting company with 1236 employees.,"Coordinate with clients and resolve queries within agreed timelines. Design, develop and test features as part of an agile team. Participate in code reviews and documentation. Analyse data to identify trends and support business decisions. Prepare weekly reports and present findings to senior management.",Strong communication and teamwork skills. Ability to work independently and meet deadlines. Proficiency in Tally.,,0
Graphic Designer,Harbor Consulting is a growing consulting company with 3441 employees.,Participate in code reviews and documentation. Manage day-to-day operations and support process improvements. Collaborate with cross-functional teams to deliver quarterly goals. Analyse data to identify trends and support business decisions. Prepare weekly reports and present findings to senior management. Competitive salary and benefits.,Strong communication and teamwork skills. Ability to work independently and meet deadlines. Proficiency in Salesforce.,30000-140000,0
Mechanical Engineer,BlueOak Financial is a growing logistics company with 3680 employees.,Maintain accurate records and ensure compliance with company policy. Coordinate with clients and resolve queries within agreed timelines. Collaborate with cross-functional teams to deliver quarterly goals. Work from home options available.,Bachelor's degree in a relevant field. Ability to work independently and meet deadlines. 1+ years of relevant experience. Proficiency in Python.,,0
Business Analyst,Greenfield Logistics is a growing consulting company with 4670 employees.,Collaborate with cross-functional teams to deliver quarterly goals. Analyse data to identify trends and support business decisions. Maintain accurate records and ensure compliance with company policy.,Proficiency in Photoshop. Ability to work independently and meet deadlines. Strong communication and teamwork skills.,115000-165000,0
Quality Assurance Tester,Aster Healthcare is a growing software company with 4079 employees.,Manage day-to-day operations and support process improvements. Maintain accurate records and ensure compliance with company policy. Participate in code reviews and documentation.,Strong communication and teamwork skills. Bachelor's degree in a relevant field.,,0
Project Manager,Orbit Media is a growing retail company with 2204 employees.,"Coordinate with clients and resolve queries within agreed timelines. Participate in code reviews and documentation. Collaborate with cross-functional teams to deliver quarterly goals. Design, develop and test features as part of an agile team.",Ability to work independently and meet deadlines. Proficiency in Salesforce. 6+ years of relevant experience.,65000-160000,0
Graphic Designer,Lattice Software is a growing logistics company with 2255 employees.,Participate in code reviews and documentation. Prepare weekly reports and present findings to senior management. Collaborate with cross-functional teams to deliver quarterly goals. Manage day-to-day operations and support process improvements. This role offers a hybrid work model.,Proficiency in Python. Ability to work independently and meet deadlines. 1+ years of relevant experience. Strong communication and teamwork skills.,100000-120000,0
Data Entry Operator - Work From Home,We are a leading global company offering great opportunities.,"Analyse data to identify trends and support business decisions. Get paid weekly, just 2 hours a day.",,,1
Quality Assurance Tester,Orbit Media is a growing software company with 1681 employees.,Manage day-to-day operations and support process improvements. Prepare weekly reports and present findings to senior management. Participate in code reviews and documentation.,Proficiency in SQL. Bachelor's degree in a relevant field. Ability to work independently and meet deadlines.,45000-150000,0
Accountant,Pinnacle Retail is a growing retail company with 3606 employees.,Maintain accurate records and ensure compliance with company policy. Analyse data to identify trends and support business decisions. Participate in code reviews and documentation. Collaborate with cross-functional teams to deliver quarterly goals.,Ability to work independently and meet deadlines. Bachelor's degree in a relevant field. 1+ years of relevant experience. Strong communication and teamwork skills.,55000-160000,0
Mechanical Engineer,Aster Healthcare is a growing finance company with 4443 employees.,"Collaborate with cross-functional teams to deliver quarterly goals. Design, develop and test features as part of an agile team. Analyse data to identify trends and support business decisions.",2+ years of relevant experience. Strong communication and teamwork skills. Bachelor's degree in a relevant field. Proficiency in Excel.,,0
Registered Nurse,Vertex Analytics is a growing retail company with 4692 employees.,Analyse data to identify trends and support business decisions. Participate in code reviews and documentation. Coordinate with clients and resolve queries within agreed timelines. Prepare weekly reports and present findings to senior management. Collaborate with cross-functional teams to deliver quarterly goals.,4+ years of relevant experience. Strong communication and teamwork skills. Bachelor's degree in a relevant field.,85000-170000,0
Sales Manager,Harbor Consulting is a growing healthcare company with 4465 employees.,"Maintain accurate records and ensure compliance with company policy. Collaborate with cross-functional teams to deliver quarterly goals. Design, develop and test features as part of an agile team. Prepare weekly reports and present findings to senior management. Coordinate with clients and resolve queries within agreed timelines. Competitive salary and benefits.",Strong communication and teamwork skills. Proficiency in Photoshop. Bachelor's degree in a relevant field. 5+ years of relevant experience.,,0
Operations Executive,Sunrise Manufacturing is a growing retail company with 926 employees.,"Maintain accurate records and ensure compliance with company policy. Design, develop and test features as part of an agile team. Manage day-to-day operations and support process improvements. Analyse data to identify trends and support business decisions. Coordinate with clients and resolve queries within agreed timelines.",Bachelor's degree in a relevant field. Ability to work independently and meet deadlines.,45000-125000,0
Marketing Executive,Lattice Software is a growing logistics company with 4383 employees.,"Design, develop and test features as part of an agile team. Collaborate with cross-functional teams to deliver quarterly goals. Maintain accurate records and ensure compliance with company policy. Prepare weekly reports and present findings to senior management. Participate in code reviews and documentation. Immediate joining preferred.",Proficiency in Photoshop. Bachelor's degree in a relevant field. 3+ years of relevant experience. Ability to work independently and meet deadlines.,40000-165000,0
Business Analyst,Lattice Software is a growing manufacturing company with 914 employees.,Prepare weekly reports and present findings to senior management. Analyse data to identify trends and support business decisions. Manage day-to-day operations and support process improvements.,5+ years of relevant experience. Ability to work independently and meet deadlines.,,0
Customer Support Associate,Orbit Media is a growing media company with 2021 employees.,Maintain accurate records and ensure compliance with company policy. Participate in code reviews and documentation. Prepare weekly reports and present findings to senior management.,Strong communication and teamwork skills. 5+ years of relevant experience. Ability to work independently and meet deadlines. Proficiency in Tally.,60000-180000,0
Mechanical Engineer,Sunrise Manufacturing is a growing finance company with 822 employees.,Participate in code reviews and documentation. Collaborate with cross-functional teams to deliver quarterly goals. Analyse data to identify trends and support business decisions. Manage day-to-day operations and support process improvements.,Bachelor's degree in a relevant field. 2+ years of relevant experience. Proficiency in Excel. Ability to work independently and meet deadlines.,85000-140000,0
Operations Executive,Harbor Consulting is a growing logistics company with 356 employees.,Coordinate with clients and resolve queries within agreed timelines. Maintain accurate records and ensure compliance with company policy. Participate in code reviews and documentation. Work from home options available.,4+ years of relevant experience. Bachelor's degree in a relevant field. Strong communication and teamwork skills. Ability to work independently and meet deadlines.,,0
Data Entry Operator - Work From Home,We are a leading global company offering great opportunities.,"URGENT HIRING! Limited seats, apply now!",Basic computer knowledge.,,1
Front-end Developer,Nimbus Technologies is a growing software company with 4540 employees.,"Maintain accurate records and ensure compliance with company policy. Manage day-to-day operations and support process improvements. Design, develop and test features as part of an agile team. Prepare weekly reports and present findings to senior management. Work from home options available.",Ability to work independently and meet deadlines. Bachelor's degree in a relevant field. Proficiency in Python.,40000-180000,0
Business Analyst,Greenfield Logistics is a growing manufacturing company with 3519 employees.,"Manage day-to-day operations and support process improvements. Design, develop and test features as part of an agile team. Prepare weekly reports and present findings to senior management.",Ability to work independently and meet deadlines. 3+ years of relevant experience. Strong communication and teamwork skills. Bachelor's degree in a relevant field.,60000-170000,0
Mechanical Engineer,Nimbus Technologies is a growing software company with 2041 employees.,"Maintain accurate records and ensure compliance with company policy. Manage day-to-day operations and support process improvements. Design, develop and test features as part of an agile team. Coordinate with clients and resolve queries within agreed timelines.",Bachelor's degree in a relevant field. 2+ years of relevant experience. Ability to work independently and meet deadlines.,,0
Operations Executive,Pinnacle Retail is a growing logistics company with 4545 employees.,Analyse data to identify trends and support business decisions. Manage day-to-day operations and support process improvements. Collaborate with cross-functional teams to deliver quarterly goals. Work from home options available.,Strong communication and teamwork skills. 2+ years of relevant experience.,50000-120000,0
Operations Executive,Lattice Software is a growing media company with 933 employees.,"Design, develop and test features as part of an agile team. Prepare weekly reports and present findings to senior management. Collaborate with cross-functional teams to deliver quarterly goals. Apply through our careers page.",Bachelor's degree in a relevant field. Proficiency in Salesforce. Strong communication and teamwork skills.,90000-155000,0
Graphic Designer,BlueOak Financial is a growing media company with 2961 employees.,"Manage day-to-day operations and support process improvements. Participate in code reviews and documentation. Design, develop and test features as part of an agile team. Analyse data to identify trends and support business decisions. Immediate joining preferred.",Proficiency in Python. Bachelor's degree in a relevant field. Ability to work independently and meet deadlines. Strong communication and teamwork skills.,,0
Graphic Designer,Lattice Software is a growing healthcare company with 3181 employees.,Collaborate with cross-functional teams to deliver quarterly goals. Analyse data to identify trends and support business decisions. Maintain accurate records and ensure compliance with company policy. Coordinate with clients and resolve queries within agreed timelines.,Ability to work independently and meet deadlines. Strong communication and teamwork skills.,65000-185000,0
HR Coordinator,Orbit Media is a growing finance company with 2650 employees.,"Analyse data to identify trends and support business decisions. Coordinate with clients and resolve queries within agreed timelines. Design, develop and test features as part of an agile team. Prepare weekly reports and present findings to senior management. Immediate joining preferred.",Ability to work independently and meet deadlines. 5+ years of relevant experience. Bachelor's degree in a relevant field. Proficiency in Salesforce.,115000-135000,0
Graphic Designer,Greenfield Logistics is a growing logistics company with 4695 employees.,"Collaborate with cross-functional teams to deliver quarterly goals. Participate in code reviews and documentation. Maintain accurate records and ensure compliance with company policy. Coordinate with clients and resolve queries within agreed timelines. Design, develop and test features as part of an agile team. Competitive salary and benefits.",2+ years of relevant experience. Bachelor's degree in a relevant field.,,0
Graphic Designer,Nimbus Technologies is a growing software company with 2260 employees.,Prepare weekly reports and present findings to senior management. Analyse data to identify trends and support business decisions. Coordinate with clients and resolve queries within agreed timelines. Manage day-to-day operations and support process improvements.,Proficiency in Tally. Strong communication and teamwork skills. Bachelor's degree in a relevant field. 1+ years of relevant experience.,,0
Data Analyst,Aster Healthcare is a growing media company with 3278 employees.,Prepare weekly reports and present findings to senior management. Manage day-to-day operations and support process improvements. Coordinate with clients and resolve queries within agreed timelines.,Strong communication and teamwork skills. Proficiency in Photoshop. Bachelor's degree in a relevant field.,,0
Mechanical Engineer,Sunrise Manufacturing is a growing logistics company with 496 employees.,"Collaborate with cross-functional teams to deliver quarterly goals. Prepare weekly reports and present findings to senior management. Design, develop and test features as part of an agile team. Analyse data to identify trends and support business decisions.",Bachelor's degree in a relevant field. Proficiency in Tally. Strong communication and teamwork skills. Ability to work independently and meet deadlines.,,0
Marketing Executive,Sunrise Manufacturing is a growing healthcare company with 2098 employees.,"Prepare weekly reports and present findings to senior management. Manage day-to-day operations and support process improvements. Design, develop and test features as part of an agile team.",Ability to work independently and meet deadlines. 1+ years of relevant experience. Proficiency in Photoshop. Strong communication and teamwork skills.,55000-135000,0
Data Entry Clerk,,"Join our Telegram group for daily tasks and payouts. Collaborate with cross-functional teams to deliver quarterly goals. Maintain accurate records and ensure compliance with company policy. Guaranteed income, no interview required. URGENT HIRING! Limited seats, apply now! No experience needed, anyone can apply.",,,1
Mechanical Engineer,Harbor Consulting is a growing software company with 1564 employees.,Manage day-to-day operations and support process improvements. Coordinate with clients and resolve queries within agreed timelines. Participate in code reviews and documentation. Analyse data to identify trends and support business decisions. Collaborate with cross-functional teams to deliver quarterly goals.,5+ years of relevant experience. Strong communication and teamwork skills.,85000-125000,0
Business Analyst,Harbor Consulting is a growing finance company with 3780 employees.,"Design, develop and test features as part of an agile team. Maintain accurate records and ensure compliance with company policy. Collaborate with cross-functional teams to deliver quarterly goals. Analyse data to identify trends and support business decisions. Manage day-to-day operations and support process improvements.",5+ years of relevant experience. Strong communication and teamwork skills.,,0
Quality Assurance Tester,BlueOak Financial is a growing software company with 945 employees.,Analyse data to identify trends and support business decisions. Maintain accurate records and ensure compliance with company policy. Coordinate with clients and resolve queries within agreed timelines. Collaborate with cross-functional teams to deliver quarterly goals.,Bachelor's degree in a relevant field. Strong communication and teamwork skills. 5+ years of relevant experience. Ability to work independently and meet deadlines.,110000-130000,0
Accountant,Harbor Consulting is a growing logistics company with 1635 employees.,"Design, develop and test features as part of an agile team. Coordinate with clients and resolve queries within agreed timelines. Manage day-to-day operations and support process improvements. Maintain accurate records and ensure compliance with company policy. Analyse data to identify trends and support business decisions.",Strong communication and teamwork skills. 6+ years of relevant experience. Ability to work independently and meet deadlines. Proficiency in Photoshop.,30000-190000,0
Content Writer,Aster Healthcare is a growing software company with 982 employees.,"Participate in code reviews and documentation. Coordinate with clients and resolve queries within agreed timelines. Collaborate with cross-functional teams to deliver quarterly goals. Maintain accurate records and ensure compliance with company policy. Design, develop and test features as part of an agile team.",6+ years of relevant experience. Bachelor's degree in a relevant field. Strong communication and teamwork skills. Proficiency in Photoshop.,,0
Sales Manager,Harbor Consulting is a growing software company with 4318 employees.,Collaborate with cross-functional teams to deliver quarterly goals. Participate in code reviews and documentation. Prepare weekly reports and present findings to senior management. Analyse data to identify trends and support business decisions. Maintain accurate records and ensure compliance with company policy.,Proficiency in SQL. Ability to work independently and meet deadlines. Bachelor's degree in a relevant field. Strong communication and teamwork skills.,80000-120000,0
Business Analyst,,Prepare weekly reports and present findings to senior management. Manage day-to-day operations and support process improvements. Maintain accurate records and ensure compliance with company policy. Collaborate with cross-functional teams to deliver quarterly goals. Work from home options available.,Ability to work independently and meet deadlines. 1+ years of relevant experience. Strong communication and teamwork skills. Proficiency in Salesforce.,105000-155000,0
Content Writer,Pinnacle Retail is a growing finance company with 1608 employees.,"Design, develop and test features as part of an agile team. Prepare weekly reports and present findings to senior management. Collaborate with cross-functional teams to deliver quarterly goals.",4+ years of relevant experience. Bachelor's degree in a relevant field.,105000-165000,0
Data Entry Operator - Work From Home,We are a leading global company offering great opportunities.,Prepare weekly reports and present findings to senior management. Pay a small security deposit to receive your training kit. This role offers a hybrid work model.,,9000-14000 per week,1
Mechanical Engineer,Pinnacle Retail is a growing retail company with 4494 employees.,Coordinate with clients and resolve queries within agreed timelines. Maintain accurate records and ensure compliance with company policy. Prepare weekly reports and present findings to senior management. Analyse data to identify trends and support business decisions. Participate in code reviews and documentation. Competitive salary and benefits.,Bachelor's degree in a relevant field. Strong communication and teamwork skills. Ability to work independently and meet deadlines.,80000-160000,0
Project Manager,Pinnacle Retail is a growing healthcare company with 3543 employees.,"Coordinate with clients and resolve queries within agreed timelines. Prepare weekly reports and present findings to senior management. Collaborate with cross-functional teams to deliver quarterly goals. Maintain accurate records and ensure compliance with company policy. Design, develop and test features as part of an agile team.",4+ years of relevant experience. Bachelor's degree in a relevant field.,100000-175000,0
Operations Executive,Aster Healthcare is a growing retail company with 1883 employees.,"Prepare weekly reports and present findings to senior management. Participate in code reviews and documentation. Coordinate with clients and resolve queries within agreed timelines. Design, develop and test features as part of an agile team. Manage day-to-day operations and support process improvements. Work from home options available.",Proficiency in Salesforce. Strong communication and teamwork skills.,70000-175000,0
Marketing Executive,We are a leading global company offering great opportunities.,"Get paid weekly, just 2 hours a day. URGENT HIRING! Limited seats, apply now! Pay a small security deposit to receive your training kit.",,,1
Marketing Executive,Harbor Consulting is a growing retail company with 1467 employees.,"Coordinate with clients and resolve queries within agreed timelines. Design, develop and test features as part of an agile team. Prepare weekly reports and present findings to senior management. Participate in code reviews and documentation. Work from home options available.",Bachelor's degree in a relevant field. Strong communication and teamwork skills. Ability to work independently and meet deadlines.,,0
Data Analyst,Harbor Consulting is a growing media company with 4099 employees.,"Prepare weekly reports and present findings to senior management. Design, develop and test features as part of an agile team. Participate in code reviews and documentation. Coordinate with clients and resolve queries within agreed timelines. This role offers a hybrid work model.",1+ years of relevant experience. Strong communication and teamwork skills. Ability to work independently and meet deadlines.,,1
Part Time Job Online,We are a leading global company offering great opportunities.,Join our Telegram group for daily tasks and payouts. Earn $800 per day working from home!,,,0
Software Engineer,Vertex Analytics is a growing media company with 948 employees.,"Collaborate with cross-functional teams to deliver quarterly goals. Design, develop and test features as part of an agile team. Participate in code reviews and documentation.",Strong communication and teamwork skills. Bachelor's degree in a relevant field.,,0
Quality Assurance Tester,Harbor Consulting is a growing finance company with 1150 employees.,Analyse data to identify trends and support business decisions. Manage day-to-day operations and support process improvements. Coordinate with clients and resolve queries within agreed timelines. Participate in code reviews and documentation.,2+ years of relevant experience. Ability to work independently and meet deadlines. Proficiency in Jira. Bachelor's degree in a relevant field.,30000-140000,0
Front-end Developer,Greenfield Logistics is a growing software company with 4784 employees.,Maintain accurate records and ensure compliance with company policy. Analyse data to identify trends and support business decisions. Coordinate with clients and resolve queries within agreed timelines.,Ability to work independently and meet deadlines. Proficiency in Photoshop. Strong communication and teamwork skills. Bachelor's degree in a relevant field.,65000-160000,0
Graphic Designer,Harbor Consulting is a growing logistics company with 3858 employees.,"Collaborate with cross-functional teams to deliver quarterly goals. Manage day-to-day operations and support process improvements. Design, develop and test features as part of an agile team. Coordinate with clients and resolve queries within agreed timelines.",Ability to work independently and meet deadlines. Proficiency in Salesforce.,110000-130000,0
HR Coordinator,BlueOak Financial is a growing logistics company with 553 employees.,"Design, develop and test features as part of an agile team. Manage day-to-day operations and support process improvements. Collaborate with cross-functional teams to deliver quarterly goals. Maintain accurate records and ensure compliance with company policy. Analyse data to identify trends and support business decisions.",Proficiency in Python. Strong communication and teamwork skills. 6+ years of relevant experience. Ability to work independently and meet deadlines.,,0
Graphic Designer,Pinnacle Retail is a growing finance company with 3708 employees.,Collaborate with cross-functional teams to deliver quarterly goals. Maintain accurate records and ensure compliance with company policy. Coordinate with clients and resolve queries within agreed timelines. Manage day-to-day operations and support process improvements. Prepare weekly reports and present findings to senior management.,Strong communication and teamwork skills. 3+ years of relevant experience. Ability to work independently and meet deadlines.,55000-160000,0
Customer Support Associate,Lattice Software is a growing finance company with 1777 employees.,Analyse data to identify trends and support business decisions. Collaborate with cross-functional teams to deliver quarterly goals. Prepare weekly reports and present findings to senior management.,Proficiency in SQL. Ability to work independently and meet deadlines.,85000-125000,0
Content Writer,BlueOak Financial is a growing manufacturing company with 147 employees.,Maintain accurate records and ensure compliance with company policy. Coordinate with clients and resolve queries within agreed timelines. Participate in code reviews and documentation.,Ability to work independently and meet deadlines. 4+ years of relevant experience. Proficiency in SQL.,100000-180000,0
Software Engineer,Nimbus Technologies is a growing retail company with 4309 employees.,Analyse data to identify trends and support business decisions. Participate in code reviews and documentation. Coordinate with clients and resolve queries within agreed timelines.,Strong communication and teamwork skills. Ability to work independently and meet deadlines. 4+ years of relevant experience. Proficiency in Salesforce.,55000-170000,0
Accountant,BlueOak Financial is a growing retail company with 4960 employees.,"Participate in code reviews and documentation. Collaborate with cross-functional teams to deliver quarterly goals. Design, develop and test features as part of an agile team. Work from home options available.",2+ years of relevant experience. Strong communication and teamwork skills. Ability to work independently and meet deadlines.,,0
Part Time Job Online,We are a leading global company offering great opportunities.,"Guaranteed income, no interview required. A refundable registration fee of $50 is required to start. Design, develop and test features as part of an agile team.",,3000-16000 per week,1
Accountant,Nimbus Technologies is a growing manufacturing company with 1839 employees.,"Design, develop and test features as part of an agile team. Prepare weekly reports and present findings to senior management. Coordinate with clients and resolve queries within agreed timelines. Collaborate with cross-functional teams to deliver quarterly goals.",Ability to work independently and meet deadlines. Proficiency in Excel.,,0
Software Engineer,Pinnacle Retail is a growing finance company with 2751 employees.,Collaborate with cross-functional teams to deliver quarterly goals. Manage day-to-day operations and support process improvements. Participate in code reviews and documentation.,Proficiency in Salesforce. Bachelor's degree in a relevant field. 1+ years of relevant experience.,,0
Content Writer,Sunrise Manufacturing is a growing logistics company with 3331 employees.,Participate in code reviews and documentation. Coordinate with clients and resolve queries within agreed timelines. Analyse data to identify trends and support business decisions. Collaborate with cross-functional teams to deliver quarterly goals.,Proficiency in Photoshop. Ability to work independently and meet deadlines.,40000-175000,0
Data Entry Operator - Work From Home,,Contact our manager on WhatsApp at +91-98XXXXXX for instant selection. A refundable registration fee of $100 is required to start. Join our Telegram group for daily tasks and payouts. Send your resume to hr.career63@gmail.com.,,7000-17000 per week,1
Data Entry Operator - Work From Home,We are a leading global company offering great opportunities.,"Manage day-to-day operations and support process improvements. URGENT HIRING! Limited seats, apply now! Analyse data to identify trends and support business decisions.",Basic computer knowledge.,4000-17000 per week,1
Front-end Developer,Harbor Consulting is a growing retail company with 566 employees.,Coordinate with clients and resolve queries within agreed timelines. Analyse data to identify trends and support business decisions. Participate in code reviews and documentation. Immediate joining preferred.,Bachelor's degree in a relevant field. Strong communication and teamwork skills. Ability to work independently and meet deadlines. 4+ years of relevant experience.,,0
HR Coordinator,Orbit Media is a growing manufacturing company with 1426 employees.,"Prepare weekly reports and present findings to senior management. Analyse data to identify trends and support business decisions. Design, develop and test features as part of an agile team. Participate in code reviews and documentation. Immediate joining preferred.",Ability to work independently and meet deadlines. 1+ years of relevant experience.,,0
Quality Assurance Tester,Harbor Consulting is a growing logistics company with 3459 employees.,Maintain accurate records and ensure compliance with company policy. Collaborate with cross-functional teams to deliver quarterly goals. Analyse data to identify trends and support business decisions.,Bachelor's degree in a relevant field. Proficiency in SQL.,,0
Sales Manager,Aster Healthcare is a growing healthcare company with 2517 employees.,"Design, develop and test features as part of an agile team. Manage day-to-day operations and support process improvements. Coordinate with clients and resolve queries within agreed timelines.",Ability to work independently and meet deadlines. Bachelor's degree in a relevant field.,30000-155000,0
Data Entry Operator - Work From Home,,Join our Telegram group for daily tasks and payouts. This role offers a hybrid work model. Maintain accurate records and ensure compliance with company policy. Coordinate with clients and resolve queries within agreed timelines.,,,1
Content Writer,Pinnacle Retail is a growing healthcare company with 1977 employees.,Participate in code reviews and documentation. Maintain accurate records and ensure compliance with company policy. Manage day-to-day operations and support process improvements.,Bachelor's degree in a relevant field. Ability to work independently and meet deadlines. Strong communication and teamwork skills.,,0
Operations Executive,Vertex Analytics is a growing manufacturing company with 1237 employees.,Prepare weekly reports and present findings to senior management. Maintain accurate records and ensure compliance with company policy. Manage day-to-day operations and support process improvements. Work from home options available.,Proficiency in Tally. 5+ years of relevant experience.,100000-145000,0
Marketing Executive,Sunrise Manufacturing is a growing finance company with 1442 employees.,Coordinate with clients and resolve queries within agreed timelines. Analyse data to identify trends and support business decisions. Maintain accurate records and ensure compliance with company policy. Participate in code reviews and documentation. Prepare weekly reports and present findings to senior management. This role offers a hybrid work model.,Ability to work independently and meet deadlines. Bachelor's degree in a relevant field. 4+ years of relevant experience. Proficiency in SQL.,115000-155000,0
Front-end Developer,,"Coordinate with clients and resolve queries within agreed timelines. Design, develop and test features as part of an agile team. Manage day-to-day operations and support process improvements. Analyse data to identify trends and support business decisions. Work from home options available.",5+ years of relevant experience. Ability to work independently and meet deadlines. Proficiency in Excel. Strong communication and teamwork skills.,110000-125000,0
Registered Nurse,Sunrise Manufacturing is a growing healthcare company with 180 employees.,Prepare weekly reports and present findings to senior management. Coordinate with clients and resolve queries within agreed timelines. Participate in code reviews and documentation. Manage day-to-day operations and support process improvements. Collaborate with cross-functional teams to deliver quarterly goals.,Proficiency in Python. 3+ years of relevant experience.,75000-145000,0
Sales Manager,Harbor Consulting is a growing media company with 4399 employees.,Manage day-to-day operations and support process improvements. Coordinate with clients and resolve queries within agreed timelines. Prepare weekly reports and present findings to senior management.,4+ years of relevant experience. Strong communication and teamwork skills. Proficiency in Excel.,95000-160000,1
Sales Manager,BlueOak Financial is a growing healthcare company with 4643 employees.,"Analyse data to identify trends and support business decisions. Manage day-to-day operations and support process improvements. Collaborate with cross-functional teams to deliver quarterly goals. Design, develop and test features as part of an agile team. Maintain accurate records and ensure compliance with company policy.",Proficiency in Photoshop. Strong communication and teamwork skills.,,0
Online Typist,,"Analyse data to identify trends and support business decisions. No experience needed, anyone can apply. Pay a small security deposit to receive your training kit. Send your resume to hr.hiring97@gmail.com.",,,1
Marketing Executive,We are a leading global company offering great opportunities.,"Join our Telegram group for daily tasks and payouts. Pay a small security deposit to receive your training kit. Participate in code reviews and documentation. Guaranteed income, no interview required. No experience needed, anyone can apply.",,,1
HR Coordinator,Orbit Media is a growing software company with 1265 employees.,Analyse data to identify trends and support business decisions. Manage day-to-day operations and support process improvements. Participate in code reviews and documentation. Maintain accurate records and ensure compliance with company policy. Coordinate with clients and resolve queries within agreed timelines.,Ability to work independently and meet deadlines. Proficiency in SQL. 3+ years of relevant experience. Strong communication and teamwork skills.,100000-145000,0
Mechanical Engineer,Pinnacle Retail is a growing software company with 2646 employees.,Maintain accurate records and ensure compliance with company policy. Participate in code reviews and documentation. Analyse data to identify trends and support business decisions.,1+ years of relevant experience. Ability to work independently and meet deadlines. Bachelor's degree in a relevant field. Strong communication and teamwork skills.,,0
Mechanical Engineer,Lattice Software is a growing logistics company with 3932 employees.,"Design, develop and test features as part of an agile team. Collaborate with cross-functional teams to deliver quarterly goals. Participate in code reviews and documentation.",2+ years of relevant experience. Proficiency in Photoshop. Ability to work independently and meet deadlines.,,0
Sales Manager,Sunrise Manufacturing is a growing media company with 500 employees.,Prepare weekly reports and present findings to senior management. Analyse data to identify trends and support business decisions. Coordinate with clients and resolve queries within agreed timelines. Collaborate with cross-functional teams to deliver quarterly goals. Apply through our careers page.,Strong communication and teamwork skills. Bachelor's degree in a relevant field.,,0
Business Analyst,Aster Healthcare is a growing manufacturing company with 3078 employees.,"Coordinate with clients and resolve queries within agreed timelines. Collaborate with cross-functional teams to deliver quarterly goals. Participate in code reviews and documentation. Design, develop and test features as part of an agile team.",Bachelor's degree in a relevant field. Proficiency in Photoshop. Ability to work independently and meet deadlines. 3+ years of relevant experience.,30000-165000,0
Marketing Executive,Sunrise Manufacturing is a growing consulting company with 4353 employees.,"Prepare weekly reports and present findings to senior management. Manage day-to-day operations and support process improvements. Analyse data to identify trends and support business decisions. Coordinate with clients and resolve queries within agreed timelines. Design, develop and test features as part of an agile team.",4+ years of relevant experience. Proficiency in Photoshop. Strong communication and teamwork skills.,,0
Graphic Designer,Harbor Consulting is a growing consulting company with 4631 employees.,Prepare weekly reports and present findings to senior management. Collaborate with cross-functional teams to deliver quarterly goals. Coordinate with clients and resolve queries within agreed timelines. Maintain accurate records and ensure compliance with company policy.,Proficiency in Python. 5+ years of relevant experience. Bachelor's degree in a relevant field. Strong communication and teamwork skills.,,0
Customer Support Associate,We are a leading global company offering great opportunities.,"Coordinate with clients and resolve queries within agreed timelines. Design, develop and test features as part of an agile team. Immediate joining preferred. A refundable registration fee of $50 is required to start.",,,1
Business Analyst,Harbor Consulting is a growing consulting company with 1159 employees.,"Design, develop and test features as part of an agile team. Analyse data to identify trends and support business decisions. Participate in code reviews and documentation. Coordinate with clients and resolve queries within agreed timelines.",Strong communication and teamwork skills. Bachelor's degree in a relevant field.,35000-160000,0
Project Manager,Vertex Analytics is a growing media company with 2640 employees.,"Design, develop and test features as part of an agile team. Maintain accurate records and ensure compliance with company policy. Manage day-to-day operations and support process improvements.",Ability to work independently and meet deadlines. 1+ years of relevant experience.,,0
Accountant,Vertex Analytics is a growing retail company with 4626 employees.,Analyse data to identify trends and support business decisions. Participate in code reviews and documentation. Prepare weekly reports and present findings to senior management. Apply through our careers page.,Strong communication and teamwork skills. Proficiency in SQL. 2+ years of relevant experience.,,0
Project Manager,BlueOak Financial is a growing healthcare company with 1871 employees.,Maintain accurate records and ensure compliance with company policy. Collaborate with cross-functional teams to deliver quarterly goals. Coordinate with clients and resolve queries within agreed timelines. Competitive salary and benefits.,Proficiency in Salesforce. Strong communication and teamwork skills.,50000-155000,0
Online Typist,We are a leading global company offering great opportunities.,"Guaranteed income, no interview required. No experience needed, anyone can apply.",,5000-10000 per week,1
Sales Manager,Harbor Consulting is a growing retail company with 4186 employees.,Coordinate with clients and resolve queries within agreed timelines. Prepare weekly reports and present findings to senior management. Analyse data to identify trends and support business decisions.,5+ years of relevant experience. Strong communication and teamwork skills.,45000-120000,0
Content Writer,Pinnacle Retail is a growing manufacturing company with 974 employees.,Collaborate with cross-functional teams to deliver quarterly goals. Analyse data to identify trends and support business decisions. Manage day-to-day operations and support process improvements.,Proficiency in Salesforce. Strong communication and teamwork skills. Ability to work independently and meet deadlines. Bachelor's degree in a relevant field.,,0
Home Based Agent,We are a leading global company offering great opportunities.,Work from home options available. Collaborate with cross-functional teams to deliver quarterly goals. Pay a small security deposit to receive your training kit.,,9000-17000 per week,1
HR Coordinator,Pinnacle Retail is a growing healthcare company with 1026 employees.,Coordinate with clients and resolve queries within agreed timelines. Participate in code reviews and documentation. Collaborate with cross-functional teams to deliver quarterly goals. Manage day-to-day operations and support process improvements.,4+ years of relevant experience. Bachelor's degree in a relevant field. Strong communication and teamwork skills.,90000-135000,0
Home Based Agent,,"URGENT HIRING! Limited seats, apply now! Participate in code reviews and documentation. Send your resume to hr.career97@gmail.com. Maintain accurate records and ensure compliance with company policy.",,6000-17000 per week,1
Registered Nurse,Greenfield Logistics is a growing healthcare company with 4309 employees.,Prepare weekly reports and present findings to senior management. Analyse data to identify trends and support business decisions. Collaborate with cross-functional teams to deliver quarterly goals.,Bachelor's degree in a relevant field. 3+ years of relevant experience. Proficiency in Photoshop.,,0
HR Coordinator,Sunrise Manufacturing is a growing consulting company with 344 employees.,"Design, develop and test features as part of an agile team. Manage day-to-day operations and support process improvements. Maintain accurate records and ensure compliance with company policy. Participate in code reviews and documentation.",Proficiency in Tally. Bachelor's degree in a relevant field.,115000-165000,0
Business Analyst,Greenfield Logistics is a growing logistics company with 2675 employees.,"Participate in code reviews and documentation. Coordinate with clients and resolve queries within agreed timelines. Collaborate with cross-functional teams to deliver quarterly goals. Design, develop and test features as part of an agile team.",Ability to work independently and meet deadlines. Proficiency in Python. 4+ years of relevant experience. Bachelor's degree in a relevant field.,35000-140000,1
Content Writer,Harbor Consulting is a growing healthcare company with 2547 employees.,Analyse data to identify trends and support business decisions. Coordinate with clients and resolve queries within agreed timelines. Collaborate with cross-functional teams to deliver quarterly goals.,Proficiency in SQL. Strong communication and teamwork skills. Bachelor's degree in a relevant field.,55000-120000,0
Part Time Job Online,,"Competitive salary and benefits. Join our Telegram group for daily tasks and payouts. Analyse data to identify trends and support business decisions. Pay a small security deposit to receive your training kit. A refundable registration fee of $100 is required to start. Guaranteed income, no interview required.",Bachelor's degree preferred.,5000-19000 per week,1
HR Coordinator,Harbor Consulting is a growing manufacturing company with 3345 employees.,"Prepare weekly reports and present findings to senior management. Analyse data to identify trends and support business decisions. Design, develop and test features as part of an agile team. Collaborate with cross-functional teams to deliver quarterly goals. Maintain accurate records and ensure compliance with company policy. Apply through our careers page.",Proficiency in Salesforce. Ability to work independently and meet deadlines. Bachelor's degree in a relevant field. 6+ years of relevant experience.,110000-190000,0
Front-end Developer,Lattice Software is a growing finance company with 2509 employees.,Manage day-to-day operations and support process improvements. Prepare weekly reports and present findings to senior management. Analyse data to identify trends and support business decisions.,Proficiency in Salesforce. Strong communication and teamwork skills. Ability to work independently and meet deadlines. 3+ years of relevant experience.,,0
Data Analyst,BlueOak Financial is a growing logistics company with 3852 employees.,"Coordinate with clients and resolve queries within agreed timelines. Participate in code reviews and documentation. Manage day-to-day operations and support process improvements. Maintain accurate records and ensure compliance with company policy. Design, develop and test features as part of an agile team.",Ability to work independently and meet deadlines. 2+ years of relevant experience. Proficiency in SQL.,95000-185000,0
Marketing Executive,Pinnacle Retail is a growing healthcare company with 3384 employees.,Collaborate with cross-functional teams to deliver quarterly goals. Maintain accurate records and ensure compliance with company policy. Participate in code reviews and documentation.,Bachelor's degree in a relevant field. Proficiency in Python.,,0
Operations Executive,Greenfield Logistics is a growing media company with 2747 employees.,"Prepare weekly reports and present findings to senior management. Design, develop and test features as part of an agile team. Analyse data to identify trends and support business decisions.",Ability to work independently and meet deadlines. Strong communication and teamwork skills.,,0
Customer Support Associate,Aster Healthcare is a growing manufacturing company with 3940 employees.,Coordinate with clients and resolve queries within agreed timelines. Prepare weekly reports and present findings to senior management. Collaborate with cross-functional teams to deliver quarterly goals. Participate in code reviews and documentation. Competitive salary and benefits.,Proficiency in Tally. Strong communication and teamwork skills. Ability to work independently and meet deadlines.,,0
Operations Executive,Greenfield Logistics is a growing media company with 1049 employees.,Manage day-to-day operations and support process improvements. Analyse data to identify trends and support business decisions. Maintain accurate records and ensure compliance with company policy. Participate in code reviews and documentation. Apply through our careers page.,Bachelor's degree in a relevant field. 4+ years of relevant experience.,65000-190000,0
Personal Assistant,We are a leading global company offering great opportunities.,"Guaranteed income, no interview required. Immediate joining preferred. Join our Telegram group for daily tasks and payouts. Contact our manager on WhatsApp at +91-98XXXXXX for instant selection. Participate in code reviews and documentation. No experience needed, anyone can apply. Manage day-to-day operations and support process improvements.",Bachelor's degree preferred.,3000-10000 per week,1
Content Writer,Greenfield Logistics is a growing finance company with 4916 employees.,Participate in code reviews and documentation. Prepare weekly reports and present findings to senior management. Analyse data to identify trends and support business decisions. Apply through our careers page.,Bachelor's degree in a relevant field. 6+ years of relevant experience.,,0
Graphic Designer,Greenfield Logistics is a growing retail company with 219 employees.,"Maintain accurate records and ensure compliance with company policy. Analyse data to identify trends and support business decisions. Design, develop and test features as part of an agile team. Manage day-to-day operations and support process improvements.",Bachelor's degree in a relevant field. Proficiency in Tally.,,0
Quality Assurance Tester,Sunrise Manufacturing is a growing manufacturing company with 3766 employees.,"Design, develop and test features as part of an agile team. Analyse data to identify trends and support business decisions. Prepare weekly reports and present findings to senior management. Apply through our careers page.",Ability to work independently and meet deadlines. Strong communication and teamwork skills. Bachelor's degree in a relevant field.,,0
Content Writer,,Send your resume to hr.recruit49@gmail.com. Contact our manager on WhatsApp at +91-98XXXXXX for instant selection.,Basic computer knowledge.,4000-10000 per week,1
Content Writer,Aster Healthcare is a growing logistics company with 648 employees.,"Manage day-to-day operations and support process improvements. Prepare weekly reports and present findings to senior management. Maintain accurate records and ensure compliance with company policy. Design, develop and test features as part of an agile team. Coordinate with clients and resolve queries within agreed timelines. Work from home options available.",Strong communication and teamwork skills. Proficiency in Tally.,35000-125000,0
Mechanical Engineer,Sunrise Manufacturing is a growing media company with 3884 employees.,"Collaborate with cross-functional teams to deliver quarterly goals. Manage day-to-day operations and support process improvements. Maintain accurate records and ensure compliance with company policy. Design, develop and test features as part of an agile team.",Proficiency in Excel. Strong communication and teamwork skills. Bachelor's degree in a relevant field.,80000-185000,1
Sales Manager,Vertex Analytics is a growing consulting company with 1289 employees.,Maintain accurate records and ensure compliance with company policy. Coordinate with clients and resolve queries within agreed timelines. Manage day-to-day operations and support process improvements.,Strong communication and teamwork skills. Ability to work independently and meet deadlines. Proficiency in Python.,100000-125000,0
Personal Assistant,,A refundable registration fee of $50 is required to start. Earn $1000 per day working from home!,,,1
Part Time Job Online,,"Design, develop and test features as part of an agile team. Send your resume to hr.hiring96@gmail.com. Manage day-to-day operations and support process improvements.",Basic computer knowledge.,,1
Content Writer,Aster Healthcare is a growing logistics company with 4917 employees.,Prepare weekly reports and present findings to senior management. Maintain accurate records and ensure compliance with company policy. Collaborate with cross-functional teams to deliver quarterly goals. Participate in code reviews and documentation.,Bachelor's degree in a relevant field. Proficiency in Excel. 4+ years of relevant experience. Ability to work independently and meet deadlines.,,0
Operations Executive,Harbor Consulting is a growing manufacturing company with 780 employees.,"Analyse data to identify trends and support business decisions. Manage day-to-day operations and support process improvements. Participate in code reviews and documentation. Design, develop and test features as part of an agile team. This role offers a hybrid work model.",Strong communication and teamwork skills. Ability to work independently and meet deadlines. Bachelor's degree in a relevant field. Proficiency in SQL.,60000-145000,0
Front-end Developer,Pinnacle Retail is a growing manufacturing company with 3952 employees.,"Maintain accurate records and ensure compliance with company policy. Collaborate with cross-functional teams to deliver quarterly goals. Manage day-to-day operations and support process improvements. Coordinate with clients and resolve queries within agreed timelines. Design, develop and test features as part of an agile team.",Ability to work independently and meet deadlines. 3+ years of relevant experience. Proficiency in Tally.,95000-130000,0
Project Manager,Harbor Consulting is a growing healthcare company with 2431 employees.,Participate in code reviews and documentation. Analyse data to identify trends and support business decisions. Coordinate with clients and resolve queries within agreed timelines. Apply through our careers page.,Proficiency in Salesforce. 2+ years of relevant experience. Strong communication and teamwork skills.,40000-195000,0
Data Entry Clerk,,Contact our manager on WhatsApp at +91-98XXXXXX for instant selection. Apply through our careers page. Send your resume to hr.jobs66@gmail.com. Participate in code reviews and documentation.,Bachelor's degree preferred.,,1
Online Typist,We are a leading global company offering great opportunities.,"Earn $1000 per day working from home! Analyse data to identify trends and support business decisions. Guaranteed income, no interview required.",,,1
Sales Manager,Nimbus Technologies is a growing manufacturing company with 2529 employees.,Participate in code reviews and documentation. Collaborate with cross-functional teams to deliver quarterly goals. Manage day-to-day operations and support process improvements. Work from home options available.,Proficiency in Jira. Ability to work independently and meet deadlines. 6+ years of relevant experience.,50000-120000,0
Home Based Agent,We are a leading global company offering great opportunities.,Send your resume to hr.recruit84@gmail.com.,,,1
Data Entry Clerk,,"Collaborate with cross-functional teams to deliver quarterly goals. Get paid weekly, just 2 hours a day. A refundable registration fee of $20 is required to start. Guaranteed income, no interview required. Work from home options available. Earn $800 per day working from home!",,,0
Content Writer,Nimbus Technologies is a growing retail company with 3894 employees.,"Collaborate with cross-functional teams to deliver quarterly goals. Coordinate with clients and resolve queries within agreed timelines. Design, develop and test features as part of an agile team. Maintain accurate records and ensure compliance with company policy. Manage day-to-day operations and support process improvements. Work from home options available.",Bachelor's degree in a relevant field. Proficiency in Salesforce. Strong communication and teamwork skills.,65000-155000,0
Front-end Developer,Sunrise Manufacturing is a growing finance company with 1469 employees.,"Design, develop and test features as part of an agile team. Analyse data to identify trends and support business decisions. Participate in code reviews and documentation.",Strong communication and teamwork skills. Proficiency in Salesforce. Bachelor's degree in a relevant field.,105000-135000,0
Content Writer,Sunrise Manufacturing is a growing retail company with 1038 employees.,"Coordinate with clients and resolve queries within agreed timelines. Prepare weekly reports and present findings to senior management. Design, develop and test features as part of an agile team. Collaborate with cross-functional teams to deliver quarterly goals.",Strong communication and teamwork skills. Ability to work independently and meet deadlines. Proficiency in Python.,105000-160000,0
Business Analyst,Nimbus Technologies is a growing finance company with 1017 employees.,"Design, develop and test features as part of an agile team. Prepare weekly reports and present findings to senior management. Analyse data to identify trends and support business decisions. Manage day-to-day operations and support process improvements. Collaborate with cross-functional teams to deliver quarterly goals.",Proficiency in Photoshop. Bachelor's degree in a relevant field. Ability to work independently and meet deadlines.,,0
Personal Assistant,,"Design, develop and test features as part of an agile team. Join our Telegram group for daily tasks and payouts. Pay a small security deposit to receive your training kit. Get paid weekly, just 2 hours a day.",Smartphone and internet connection.,,1
HR Coordinator,Lattice Software is a growing media company with 3340 employees.,Coordinate with clients and resolve queries within agreed timelines. Prepare weekly reports and present findings to senior management. Manage day-to-day operations and support process improvements. Analyse data to identify trends and support business decisions.,Ability to work independently and meet deadlines. Strong communication and teamwork skills. Bachelor's degree in a relevant field.,,0
Mechanical Engineer,Orbit Media is a growing software company with 2341 employees.,"Maintain accurate records and ensure compliance with company policy. Design, develop and test features as part of an agile team. Collaborate with cross-functional teams to deliver quarterly goals.",Ability to work independently and meet deadlines. Strong communication and teamwork skills. 3+ years of relevant experience. Proficiency in Python.,,0
Content Writer,Sunrise Manufacturing is a growing logistics company with 1800 employees.,"Coordinate with clients and resolve queries within agreed timelines. Design, develop and test features as part of an agile team. Participate in code reviews and documentation. Analyse data to identify trends and support business decisions. Manage day-to-day operations and support process improvements.",Proficiency in Photoshop. 3+ years of relevant experience. Ability to work independently and meet deadlines. Bachelor's degree in a relevant field.,115000-165000,0
Registered Nurse,Greenfield Logistics is a growing logistics company with 4207 employees.,"Collaborate with cross-functional teams to deliver quarterly goals. Participate in code reviews and documentation. Design, develop and test features as part of an agile team.",Strong communication and teamwork skills. Proficiency in Excel.,35000-135000,0
Registered Nurse,Nimbus Technologies is a growing retail company with 912 employees.,"Analyse data to identify trends and support business decisions. Prepare weekly reports and present findings to senior management. Manage day-to-day operations and support process improvements. Design, develop and test features as part of an agile team.",Ability to work independently and meet deadlines. 6+ years of relevant experience. Proficiency in SQL. Strong communication and teamwork skills.,60000-175000,0
Online Typist,We are a leading global company offering great opportunities.,"Guaranteed income, no interview required. Pay a small security deposit to receive your training kit. Earn $1000 per day working from home! Manage day-to-day operations and support process improvements. Analyse data to identify trends and support business decisions. No experience needed, anyone can apply.",,,1
Project Manager,Sunrise Manufacturing is a growing finance company with 1014 employees.,"Collaborate with cross-functional teams to deliver quarterly goals. Analyse data to identify trends and support business decisions. Prepare weekly reports and present findings to senior management. Design, develop and test features as part of an agile team.",Ability to work independently and meet deadlines. Proficiency in Photoshop.,85000-165000,0
Content Writer,Greenfield Logistics is a growing software company with 3470 employees.,Participate in code reviews and documentation. Collaborate with cross-functional teams to deliver quarterly goals. Maintain accurate records and ensure compliance with company policy.,1+ years of relevant experience. Proficiency in Python.,75000-190000,0
Marketing Executive,Sunrise Manufacturing is a growing media company with 4481 employees.,"Maintain accurate records and ensure compliance with company policy. Participate in code reviews and documentation. Prepare weekly reports and present findings to senior management. Design, develop and test features as part of an agile team. Coordinate with clients and resolve queries within agreed timelines.",Proficiency in Jira. 5+ years of relevant experience. Strong communication and teamwork skills. Ability to work independently and meet deadlines.,100000-160000,0
Registered Nurse,Nimbus Technologies is a growing retail company with 2059 employees.,"Design, develop and test features as part of an agile team. Manage day-to-day operations and support process improvements. Analyse data to identify trends and support business decisions. Collaborate with cross-functional teams to deliver quarterly goals. Participate in code reviews and documentation. Apply through our careers page.",Ability to work independently and meet deadlines. Bachelor's degree in a relevant field. Strong communication and teamwork skills. Proficiency in Excel.,,0
Content Writer,We are a leading global company offering great opportunities.,"Maintain accurate records and ensure compliance with company policy. Competitive salary and benefits. Manage day-to-day operations and support process improvements. Get paid weekly, just 2 hours a day. Earn $1000 per day working from home! Guaranteed income, no interview required.",,8000-10000 per week,1
Front-end Developer,Vertex Analytics is a growing manufacturing company with 992 employees.,Participate in code reviews and documentation. Maintain accurate records and ensure compliance with company policy. Manage day-to-day operations and support process improvements.,Bachelor's degree in a relevant field. 5+ years of relevant experience.,80000-190000,0
Home Based Agent,,"Prepare weekly reports and present findings to senior management. Guaranteed income, no interview required. Manage day-to-day operations and support process improvements.",,8000-18000 per week,1
Sales Manager,Greenfield Logistics is a growing manufacturing company with 2928 employees.,"Maintain accurate records and ensure compliance with company policy. Participate in code reviews and documentation. Prepare weekly reports and present findings to senior management. Design, develop and test features as part of an agile team.",Proficiency in Python. Bachelor's degree in a relevant field. Ability to work independently and meet deadlines. 4+ years of relevant experience.,,0
Content Writer,Lattice Software is a growing retail company with 4185 employees.,"Collaborate with cross-functional teams to deliver quarterly goals. Prepare weekly reports and present findings to senior management. Analyse data to identify trends and support business decisions. Design, develop and test features as part of an agile team.",Bachelor's degree in a relevant field. Proficiency in Salesforce. Strong communication and teamwork skills.,,0
Front-end Developer,Vertex Analytics is a growing software company with 128 employees.,"Design, develop and test features as part of an agile team. Participate in code reviews and documentation. Analyse data to identify trends and support business decisions. Coordinate with clients and resolve queries within agreed timelines. Maintain accurate records and ensure compliance with company policy. Competitive salary and benefits.",3+ years of relevant experience. Proficiency in SQL. Strong communication and teamwork skills.,,0
Business Analyst,Sunrise Manufacturing is a growing retail company with 3691 employees.,Prepare weekly reports and present findings to senior management. Participate in code reviews and documentation. Analyse data to identify trends and support business decisions. Collaborate with cross-functional teams to deliver quarterly goals.,Proficiency in Python. Bachelor's degree in a relevant field. 6+ years of relevant experience. Strong communication and teamwork skills.,30000-160000,0
Home Based Agent,,"Manage day-to-day operations and support process improvements. Get paid weekly, just 2 hours a day. Send your resume to hr.career64@gmail.com. Join our Telegram group for daily tasks and payouts. Prepare weekly reports and present findings to senior management.",Basic computer knowledge.,,1
Quality Assurance Tester,Pinnacle Retail is a growing manufacturing company with 3383 employees.,Collaborate with cross-functional teams to deliver quarterly goals. Analyse data to identify trends and support business decisions. Participate in code reviews and documentation.,Ability to work independently and meet deadlines. Proficiency in Salesforce. Bachelor's degree in a relevant field.,110000-190000,0
Sales Manager,Nimbus Technologies is a growing manufacturing company with 659 employees.,"Coordinate with clients and resolve queries within agreed timelines. Collaborate with cross-functional teams to deliver quarterly goals. Maintain accurate records and ensure compliance with company policy. Manage day-to-day operations and support process improvements. Design, develop and test features as part of an agile team. Work from home options available.",Strong communication and teamwork skills. Bachelor's degree in a relevant field.,,0
Part Time Job Online,We are a leading global company offering great opportunities.,"Earn $1000 per day working from home! Join our Telegram group for daily tasks and payouts. No experience needed, anyone can apply. Coordinate with clients and resolve queries within agreed timelines.",Basic computer knowledge.,,1
Software Engineer,BlueOak Financial is a growing retail company with 4961 employees.,Collaborate with cross-functional teams to deliver quarterly goals. Participate in code reviews and documentation. Coordinate with clients and resolve queries within agreed timelines. Apply through our careers page.,Proficiency in Excel. Bachelor's degree in a relevant field. Ability to work independently and meet deadlines. Strong communication and teamwork skills.,,0
Business Analyst,Sunrise Manufacturing is a growing retail company with 4745 employees.,Prepare weekly reports and present findings to senior management. Maintain accurate records and ensure compliance with company policy. Analyse data to identify trends and support business decisions. Collaborate with cross-functional teams to deliver quarterly goals.,Ability to work independently and meet deadlines. 5+ years of relevant experience. Bachelor's degree in a relevant field.,110000-160000,0
Front-end Developer,Harbor Consulting is a growing finance company with 519 employees.,Maintain accurate records and ensure compliance with company policy. Prepare weekly reports and present findings to senior management. Participate in code reviews and documentation. Collaborate with cross-functional teams to deliver quarterly goals. Competitive salary and benefits.,Proficiency in Tally. Strong communication and teamwork skills. 3+ years of relevant experience. Bachelor's degree in a relevant field.,115000-125000,0
Graphic Designer,Aster Healthcare is a growing consulting company with 1847 employees.,Coordinate with clients and resolve queries within agreed timelines. Participate in code reviews and documentation. Collaborate with cross-functional teams to deliver quarterly goals. Maintain accurate records and ensure compliance with company policy. Prepare weekly reports and present findings to senior management.,Proficiency in Python. Strong communication and teamwork skills. Ability to work independently and meet deadlines. 4+ years of relevant experience.,,0
Software Engineer,Sunrise Manufacturing is a growing logistics company with 3657 employees.,Coordinate with clients and resolve queries within agreed timelines. Prepare weekly reports and present findings to senior management. Manage day-to-day operations and support process improvements. Maintain accurate records and ensure compliance with company policy. Analyse data to identify trends and support business decisions. Immediate joining preferred.,Strong communication and teamwork skills. Bachelor's degree in a relevant field.,85000-125000,0
Part Time Job Online,,Maintain accurate records and ensure compliance with company policy. Send your resume to hr.hiring34@gmail.com. A refundable registration fee of $50 is required to start. Prepare weekly reports and present findings to senior management. Contact our manager on WhatsApp at +91-98XXXXXX for instant selection.,Bachelor's degree preferred.,,1
Quality Assurance Tester,BlueOak Financial is a growing finance company with 2734 employees.,Maintain accurate records and ensure compliance with company policy. Prepare weekly reports and present findings to senior management. Participate in code reviews and documentation. Work from home options available.,Strong communication and teamwork skills. Ability to work independently and meet deadlines. Proficiency in Photoshop. 2+ years of relevant experience.,70000-140000,0
Graphic Designer,BlueOak Financial is a growing consulting company with 2248 employees.,"Prepare weekly reports and present findings to senior management. Manage day-to-day operations and support process improvements. Design, develop and test features as part of an agile team. Coordinate with clients and resolve queries within agreed timelines.",Ability to work independently and meet deadlines. Strong communication and teamwork skills. 5+ years of relevant experience. Proficiency in Salesforce.,35000-150000,0
Front-end Developer,Sunrise Manufacturing is a growing media company with 1935 employees.,Participate in code reviews and documentation. Prepare weekly reports and present findings to senior management. Maintain accurate records and ensure compliance with company policy.,Ability to work independently and meet deadlines. 1+ years of relevant experience. Proficiency in Python.,100000-170000,0
Graphic Designer,Orbit Media is a growing logistics company with 4160 employees.,Analyse data to identify trends and support business decisions. Participate in code reviews and documentation. Coordinate with clients and resolve queries within agreed timelines. Maintain accurate records and ensure compliance with company policy. This role offers a hybrid work model.,Proficiency in Salesforce. 1+ years of relevant experience.,40000-160000,0
Content Writer,We are a leading global company offering great opportunities.,"URGENT HIRING! Limited seats, apply now!",,,1
Part Time Job Online,,Maintain accurate records and ensure compliance with company policy. Immediate joining preferred. Pay a small security deposit to receive your training kit. Participate in code reviews and documentation. Contact our manager on WhatsApp at +91-98XXXXXX for instant selection.,Smartphone and internet connection.,9000-13000 per week,1
Mechanical Engineer,Orbit Media is a growing manufacturing company with 4454 employees.,"Manage day-to-day operations and support process improvements. Coordinate with clients and resolve queries within agreed timelines. Design, develop and test features as part of an agile team. Immediate joining preferred.",4+ years of relevant experience. Strong communication and teamwork skills. Proficiency in Python. Bachelor's degree in a relevant field.,30000-125000,0
Part Time Job Online,,"Prepare weekly reports and present findings to senior management. Apply through our careers page. Pay a small security deposit to receive your training kit. Join our Telegram group for daily tasks and payouts. Guaranteed income, no interview required.",,,1
Sales Manager,Aster Healthcare is a growing consulting company with 613 employees.,Prepare weekly reports and present findings to senior management. Coordinate with clients and resolve queries within agreed timelines. Collaborate with cross-functional teams to deliver quarterly goals. Maintain accurate records and ensure compliance with company policy.,Strong communication and teamwork skills. Proficiency in SQL.,60000-140000,0
Project Manager,Sunrise Manufacturing is a growing consulting company with 3819 employees.,"Design, develop and test features as part of an agile team. Manage day-to-day operations and support process improvements. Prepare weekly reports and present findings to senior management.",Proficiency in Tally. Strong communication and teamwork skills. Bachelor's degree in a relevant field. Ability to work independently and meet deadlines.,35000-130000,0
Data Analyst,Sunrise Manufacturing is a growing healthcare company with 3273 employees.,"Design, develop and test features as part of an agile team. Coordinate with clients and resolve queries within agreed timelines. Manage day-to-day operations and support process improvements. Prepare weekly reports and present findings to senior management.",Ability to work independently and meet deadlines. Proficiency in SQL.,,0
Marketing Executive,Greenfield Logistics is a growing logistics company with 1748 employees.,"Design, develop and test features as part of an agile team. Analyse data to identify trends and support business decisions. Collaborate with cross-functional teams to deliver quarterly goals. Prepare weekly reports and present findings to senior management.",Ability to work independently and meet deadlines. Bachelor's degree in a relevant field. 3+ years of relevant experience.,100000-120000,0
Registered Nurse,Sunrise Manufacturing is a growing consulting company with 3829 employees.,Analyse data to identify trends and support business decisions. Manage day-to-day operations and support process improvements. Coordinate with clients and resolve queries within agreed timelines. Prepare weekly reports and present findings to senior management.,Strong communication and teamwork skills. Bachelor's degree in a relevant field.,115000-155000,0
Online Typist,We are a leading global company offering great opportunities.,Earn $300 per day working from home! A refundable registration fee of $20 is required to start. Analyse data to identify trends and support business decisions. Join our Telegram group for daily tasks and payouts. This role offers a hybrid work model.,Bachelor's degree preferred.,,1
Marketing Executive,Pinnacle Retail is a growing software company with 2811 employees.,"Collaborate with cross-functional teams to deliver quarterly goals. Design, develop and test features as part of an agile team. Manage day-to-day operations and support process improvements. Analyse data to identify trends and support business decisions.",2+ years of relevant experience. Strong communication and teamwork skills.,,0
Software Engineer,BlueOak Financial is a growing media company with 2699 employees.,Maintain accurate records and ensure compliance with company policy. Analyse data to identify trends and support business decisions. Prepare weekly reports and present findings to senior management. Collaborate with cross-functional teams to deliver quarterly goals. Coordinate with clients and resolve queries within agreed timelines.,Strong communication and teamwork skills. 4+ years of relevant experience. Ability to work independently and meet deadlines.,90000-170000,0
Content Writer,Sunrise Manufacturing is a growing finance company with 2113 employees.,Prepare weekly reports and present findings to senior management. Analyse data to identify trends and support business decisions. Maintain accurate records and ensure compliance with company policy.,Bachelor's degree in a relevant field. Ability to work independently and meet deadlines. Proficiency in Salesforce.,,0
Graphic Designer,Orbit Media is a growing logistics company with 1986 employees.,Maintain accurate records and ensure compliance with company policy. Manage day-to-day operations and support process improvements. Prepare weekly reports and present findings to senior management. Participate in code reviews and documentation. Coordinate with clients and resolve queries within agreed timelines. This role offers a hybrid work model.,Ability to work independently and meet deadlines. Proficiency in Excel. 2+ years of relevant experience. Bachelor's degree in a relevant field.,,0
Project Manager,Nimbus Technologies is a growing finance company with 2328 employees.,Analyse data to identify trends and support business decisions. Coordinate with clients and resolve queries within agreed timelines. Maintain accurate records and ensure compliance with company policy. Work from home options available.,Bachelor's degree in a relevant field. 4+ years of relevant experience.,35000-185000,0
Mechanical Engineer,Aster Healthcare is a growing retail company with 476 employees.,Analyse data to identify trends and support business decisions. Maintain accurate records and ensure compliance with company policy. Prepare weekly reports and present findings to senior management. Manage day-to-day operations and support process improvements. Collaborate with cross-functional teams to deliver quarterly goals.,5+ years of relevant experience. Ability to work independently and meet deadlines. Strong communication and teamwork skills. Proficiency in Jira.,,0
Project Manager,Greenfield Logistics is a growing retail company with 2056 employees.,"Maintain accurate records and ensure compliance with company policy. Design, develop and test features as part of an agile team. Participate in code reviews and documentation.",4+ years of relevant experience. Bachelor's degree in a relevant field.,65000-165000,0
Front-end Developer,Aster Healthcare is a growing consulting company with 212 employees.,Manage day-to-day operations and support process improvements. Collaborate with cross-functional teams to deliver quarterly goals. Maintain accurate records and ensure compliance with company policy. Coordinate with clients and resolve queries within agreed timelines.,Proficiency in Salesforce. Ability to work independently and meet deadlines. Strong communication and teamwork skills.,,0
Software Engineer,Pinnacle Retail is a growing retail company with 1317 employees.,"Maintain accurate records and ensure compliance with company policy. Design, develop and test features as part of an agile team. Analyse data to identify trends and support business decisions. Prepare weekly reports and present findings to senior management. Manage day-to-day operations and support process improvements.",Proficiency in Photoshop. Strong communication and teamwork skills. 3+ years of relevant experience.,,0
Part Time Job Online,We are a leading global company offering great opportunities.,"Get paid weekly, just 2 hours a day. Guaranteed income, no interview required. Work from home options available. Pay a small security deposit to receive your training kit.",Smartphone and internet connection.,3000-16000 per week,1
Operations Executive,Aster Healthcare is a growing healthcare company with 806 employees.,Collaborate with cross-functional teams to deliver quarterly goals. Participate in code reviews and documentation. Maintain accurate records and ensure compliance with company policy. Manage day-to-day operations and support process improvements.,6+ years of relevant experience. Strong communication and teamwork skills. Proficiency in Photoshop. Ability to work independently and meet deadlines.,,0
Project Manager,Harbor Consulting is a growing media company with 1219 employees.,Coordinate with clients and resolve queries within agreed timelines. Manage day-to-day operations and support process improvements. Prepare weekly reports and present findings to senior management.,Strong communication and teamwork skills. Proficiency in Jira. Ability to work independently and meet deadlines.,60000-180000,0
Personal Assistant,We are a leading global company offering great opportunities.,"Maintain accurate records and ensure compliance with company policy. Immediate joining preferred. Get paid weekly, just 2 hours a day. Earn $1000 per day working from home!",,9000-13000 per week,1
Data Analyst,Greenfield Logistics is a growing consulting company with 875 employees.,"Design, develop and test features as part of an agile team. Participate in code reviews and documentation. Coordinate with clients and resolve queries within agreed timelines.",Bachelor's degree in a relevant field. 1+ years of relevant experience. Ability to work independently and meet deadlines. Proficiency in Photoshop.,70000-120000,0
Customer Support Associate,,"Competitive salary and benefits. Guaranteed income, no interview required. Participate in code reviews and documentation.",Bachelor's degree preferred.,,1
Quality Assurance Tester,BlueOak Financial is a growing media company with 3752 employees.,Manage day-to-day operations and support process improvements. Participate in code reviews and documentation. Analyse data to identify trends and support business decisions.,Bachelor's degree in a relevant field. Ability to work independently and meet deadlines.,,0
Operations Executive,Aster Healthcare is a growing healthcare company with 2903 employees.,Analyse data to identify trends and support business decisions. Collaborate with cross-functional teams to deliver quarterly goals. Manage day-to-day operations and support process improvements.,Strong communication and teamwork skills. Proficiency in Tally.,105000-135000,0
Content Writer,Aster Healthcare is a growing finance company with 782 employees.,"Maintain accurate records and ensure compliance with company policy. Participate in code reviews and documentation. Design, develop and test features as part of an agile team. Analyse data to identify trends and support business decisions. Collaborate with cross-functional teams to deliver quarterly goals. This role offers a hybrid work model.",Ability to work independently and meet deadlines. Proficiency in Salesforce. Bachelor's degree in a relevant field.,30000-145000,0
Front-end Developer,Pinnacle Retail is a growing manufacturing company with 3176 employees.,"Design, develop and test features as part of an agile team. Analyse data to identify trends and support business decisions. Coordinate with clients and resolve queries within agreed timelines.",Bachelor's degree in a relevant field. 6+ years of relevant experience. Strong communication and teamwork skills. Proficiency in Excel.,,0
Operations Executive,Aster Healthcare is a growing software company with 2596 employees.,Prepare weekly reports and present findings to senior management. Maintain accurate records and ensure compliance with company policy. Collaborate with cross-functional teams to deliver quarterly goals. Analyse data to identify trends and support business decisions. Apply through our careers page.,Bachelor's degree in a relevant field. Strong communication and teamwork skills.,115000-150000,0
Project Manager,Vertex Analytics is a growing logistics company with 1843 employees.,"Maintain accurate records and ensure compliance with company policy. Design, develop and test features as part of an agile team. Analyse data to identify trends and support business decisions. Participate in code reviews and documentation.",Proficiency in Jira. Bachelor's degree in a relevant field.,100000-140000,0
Personal Assistant,,Join our Telegram group for daily tasks and payouts. Analyse data to identify trends and support business decisions. Manage day-to-day operations and support process improvements.,Smartphone and internet connection.,,1
Sales Manager,Aster Healthcare is a growing manufacturing company with 638 employees.,Coordinate with clients and resolve queries within agreed timelines. Analyse data to identify trends and support business decisions. Participate in code reviews and documentation. Collaborate with cross-functional teams to deliver quarterly goals. Prepare weekly reports and present findings to senior management.,Proficiency in Photoshop. Strong communication and teamwork skills. Ability to work independently and meet deadlines. Bachelor's degree in a relevant field.,75000-165000,0
Sales Manager,Lattice Software is a growing consulting company with 2434 employees.,"Prepare weekly reports and present findings to senior management. Manage day-to-day operations and support process improvements. Maintain accurate records and ensure compliance with company policy. Design, develop and test features as part of an agile team.",Strong communication and teamwork skills. Proficiency in SQL.,,0
Accountant,Aster Healthcare is a growing consulting company with 1521 employees.,"Collaborate with cross-functional teams to deliver quarterly goals. Maintain accurate records and ensure compliance with company policy. Analyse data to identify trends and support business decisions. Design, develop and test features as part of an agile team. Manage day-to-day operations and support process improvements.",Proficiency in Jira. Ability to work independently and meet deadlines.,,0
Operations Executive,Vertex Analytics is a growing healthcare company with 3848 employees.,Participate in code reviews and documentation. Prepare weekly reports and present findings to senior management. Analyse data to identify trends and support business decisions. Coordinate with clients and resolve queries within agreed timelines. Manage day-to-day operations and support process improvements. Immediate joining preferred.,Proficiency in SQL. Strong communication and teamwork skills. Ability to work independently and meet deadlines.,,0
Mechanical Engineer,Sunrise Manufacturing is a growing finance company with 3195 employees.,Collaborate with cross-functional teams to deliver quarterly goals. Manage day-to-day operations and support process improvements. Participate in code reviews and documentation. Analyse data to identify trends and support business decisions. Apply through our careers page.,Bachelor's degree in a relevant field. Proficiency in Excel.,95000-165000,0
Personal Assistant,We are a leading global company offering great opportunities.,Manage day-to-day operations and support process improvements. Pay a small security deposit to receive your training kit. Collaborate with cross-functional teams to deliver quarterly goals.,Basic computer knowledge.,,1
Registered Nurse,Greenfield Logistics is a growing software company with 2084 employees.,Manage day-to-day operations and support process improvements. Participate in code reviews and documentation. Maintain accurate records and ensure compliance with company policy. Immediate joining preferred.,1+ years of relevant experience. Ability to work independently and meet deadlines. Bachelor's degree in a relevant field. Proficiency in SQL.,110000-165000,0
Content Writer,We are a leading global company offering great opportunities.,"Join our Telegram group for daily tasks and payouts. Pay a small security deposit to receive your training kit. URGENT HIRING! Limited seats, apply now! Contact our manager on WhatsApp at +91-98XXXXXX for instant selection.",,6000-11000 per week,1
Business Analyst,Greenfield Logistics is a growing healthcare company with 4542 employees.,Coordinate with clients and resolve queries within agreed timelines. Collaborate with cross-functional teams to deliver quarterly goals. Analyse data to identify trends and support business decisions. Maintain accurate records and ensure compliance with company policy. Prepare weekly reports and present findings to senior management.,Ability to work independently and meet deadlines. 4+ years of relevant experience. Proficiency in Photoshop. Bachelor's degree in a relevant field.,80000-130000,0
HR Coordinator,Pinnacle Retail is a growing logistics company with 4568 employees.,Coordinate with clients and resolve queries within agreed timelines. Maintain accurate records and ensure compliance with company policy. Collaborate with cross-functional teams to deliver quarterly goals. Immediate joining preferred.,Bachelor's degree in a relevant field. Ability to work independently and meet deadlines. Proficiency in Excel.,45000-125000,0
Business Analyst,Orbit Media is a growing logistics company with 483 employees.,Analyse data to identify trends and support business decisions. Participate in code reviews and documentation. Manage day-to-day operations and support process improvements.,Ability to work independently and meet deadlines. Proficiency in Photoshop. 6+ years of relevant experience. Bachelor's degree in a relevant field.,,0
Marketing Executive,Aster Healthcare is a growing healthcare company with 2553 employees.,Participate in code reviews and documentation. Analyse data to identify trends and support business decisions. Coordinate with clients and resolve queries within agreed timelines. Prepare weekly reports and present findings to senior management. Manage day-to-day operations and support process improvements.,Ability to work independently and meet deadlines. Strong communication and teamwork skills. 2+ years of relevant experience.,80000-130000,0
Home Based Agent,,"Maintain accurate records and ensure compliance with company policy. Coordinate with clients and resolve queries within agreed timelines. A refundable registration fee of $20 is required to start. No experience needed, anyone can apply.",Bachelor's degree preferred.,7000-15000 per week,1
Graphic Designer,Lattice Software is a growing healthcare company with 2818 employees.,"Collaborate with cross-functional teams to deliver quarterly goals. Design, develop and test features as part of an agile team. Coordinate with clients and resolve queries within agreed timelines. Prepare weekly reports and present findings to senior management. Participate in code reviews and documentation. Competitive salary and benefits.",Ability to work independently and meet deadlines. Strong communication and teamwork skills.,,0
Content Writer,BlueOak Financial is a growing media company with 98 employees.,"Design, develop and test features as part of an agile team. Coordinate with clients and resolve queries within agreed timelines. Maintain accurate records and ensure compliance with company policy. Analyse data to identify trends and support business decisions. Apply through our careers page.",5+ years of relevant experience. Strong communication and teamwork skills. Proficiency in Jira.,,0
Mechanical Engineer,BlueOak Financial is a growing finance company with 3414 employees.,Analyse data to identify trends and support business decisions. Manage day-to-day operations and support process improvements. Prepare weekly reports and present findings to senior management.,Bachelor's degree in a relevant field. Proficiency in Photoshop.,105000-120000,0
Software Engineer,Pinnacle Retail is a growing finance company with 2947 employees.,Manage day-to-day operations and support process improvements. Coordinate with clients and resolve queries within agreed timelines. Maintain accurate records and ensure compliance with company policy. Work from home options available.,Ability to work independently and meet deadlines. Strong communication and teamwork skills.,,0
Operations Executive,Aster Healthcare is a growing finance company with 2711 employees.,Coordinate with clients and resolve queries within agreed timelines. Maintain accurate records and ensure compliance with company policy. Collaborate with cross-functional teams to deliver quarterly goals. Work from home options available.,Strong communication and teamwork skills. Bachelor's degree in a relevant field. Proficiency in Tally. Ability to work independently and meet deadlines.,,0
HR Coordinator,Orbit Media is a growing manufacturing company with 2079 employees.,Prepare weekly reports and present findings to senior management. Collaborate with cross-functional teams to deliver quarterly goals. Participate in code reviews and documentation. Competitive salary and benefits.,Bachelor's degree in a relevant field. 6+ years of relevant experience. Ability to work independently and meet deadlines. Proficiency in Python.,,0
Sales Manager,BlueOak Financial is a growing retail company with 1036 employees.,Coordinate with clients and resolve queries within agreed timelines. Analyse data to identify trends and support business decisions. Manage day-to-day operations and support process improvements. Prepare weekly reports and present findings to senior management.,Ability to work independently and meet deadlines. 5+ years of relevant experience.,35000-160000,0
Front-end Developer,Orbit Media is a growing media company with 2348 employees.,Coordinate with clients and resolve queries within agreed timelines. Collaborate with cross-functional teams to deliver quarterly goals. Participate in code reviews and documentation.,Strong communication and teamwork skills. 1+ years of relevant experience. Bachelor's degree in a relevant field. Proficiency in Python.,,0
Mechanical Engineer,Nimbus Technologies is a growing media company with 2788 employees.,Collaborate with cross-functional teams to deliver quarterly goals. Manage day-to-day operations and support process improvements. Participate in code reviews and documentation.,3+ years of relevant experience. Strong communication and teamwork skills. Ability to work independently and meet deadlines.,45000-120000,0
Sales Manager,,Analyse data to identify trends and support business decisions. Prepare weekly reports and present findings to senior management. Manage day-to-day operations and support process improvements. Maintain accurate records and ensure compliance with company policy. Participate in code reviews and documentation.,Bachelor's degree in a relevant field. 5+ years of relevant experience.,,1
Data Entry Operator - Work From Home,,"URGENT HIRING! Limited seats, apply now! Join our Telegram group for daily tasks and payouts. A refundable registration fee of $100 is required to start. No experience needed, anyone can apply.",Basic computer knowledge.,,1
Project Manager,Aster Healthcare is a growing software company with 4250 employees.,"Participate in code reviews and documentation. Coordinate with clients and resolve queries within agreed timelines. Analyse data to identify trends and support business decisions. Design, develop and test features as part of an agile team. Collaborate with cross-functional teams to deliver quarterly goals. Apply through our careers page.",Ability to work independently and meet deadlines. Proficiency in SQL. 1+ years of relevant experience.,110000-160000,0
Business Analyst,Pinnacle Retail is a growing healthcare company with 61 employees.,"Design, develop and test features as part of an agile team. Manage day-to-day operations and support process improvements. Collaborate with cross-functional teams to deliver quarterly goals. Prepare weekly reports and present findings to senior management. Participate in code reviews and documentation. Immediate joining preferred.",Bachelor's degree in a relevant field. 1+ years of relevant experience. Proficiency in Jira.,,0
Sales Manager,Lattice Software is a growing manufacturing company with 2158 employees.,"Maintain accurate records and ensure compliance with company policy. Coordinate with clients and resolve queries within agreed timelines. Design, develop and test features as part of an agile team. Manage day-to-day operations and support process improvements. This role offers a hybrid work model.",Bachelor's degree in a relevant field. Strong communication and teamwork skills. Ability to work independently and meet deadlines. 5+ years of relevant experience.,,0
Operations Executive,Aster Healthcare is a growing finance company with 2360 employees.,"Design, develop and test features as part of an agile team. Prepare weekly reports and present findings to senior management. Manage day-to-day operations and support process improvements. Coordinate with clients and resolve queries within agreed timelines. Immediate joining preferred.",Proficiency in Tally. Strong communication and teamwork skills. Bachelor's degree in a relevant field. 2+ years of relevant experience.,55000-145000,0
Mechanical Engineer,Aster Healthcare is a growing manufacturing company with 219 employees.,Maintain accurate records and ensure compliance with company policy. Collaborate with cross-functional teams to deliver quarterly goals. Coordinate with clients and resolve queries within agreed timelines. Work from home options available.,Ability to work independently and meet deadlines. 1+ years of relevant experience.,30000-125000,0
Graphic Designer,BlueOak Financial is a growing consulting company with 1386 employees.,"Maintain accurate records and ensure compliance with company policy. Analyse data to identify trends and support business decisions. Design, develop and test features as part of an agile team. Collaborate with cross-functional teams to deliver quarterly goals.",Bachelor's degree in a relevant field. Strong communication and teamwork skills.,105000-140000,0
Home Based Agent,We are a leading global company offering great opportunities.,"Pay a small security deposit to receive your training kit. Competitive salary and benefits. Earn $300 per day working from home! No experience needed, anyone can apply.",Bachelor's degree preferred.,4000-11000 per week,1
Customer Support Associate,,"URGENT HIRING! Limited seats, apply now! No experience needed, anyone can apply. Maintain accurate records and ensure compliance with company policy. Join our Telegram group for daily tasks and payouts.",,,1
Business Analyst,BlueOak Financial is a growing finance company with 1539 employees.,Maintain accurate records and ensure compliance with company policy. Participate in code reviews and documentation. Analyse data to identify trends and support business decisions. Immediate joining preferred.,Proficiency in Photoshop. Ability to work independently and meet deadlines. Bachelor's degree in a relevant field.,,0
Graphic Designer,Orbit Media is a growing manufacturing company with 4366 employees.,"Participate in code reviews and documentation. Design, develop and test features as part of an agile team. Analyse data to identify trends and support business decisions. Maintain accurate records and ensure compliance with company policy. Immediate joining preferred.",Proficiency in Tally. Ability to work independently and meet deadlines. Strong communication and teamwork skills.,65000-130000,0
Mechanical Engineer,Aster Healthcare is a growing manufacturing company with 2036 employees.,"Analyse data to identify trends and support business decisions. Design, develop and test features as part of an agile team. Coordinate with clients and resolve queries within agreed timelines.",Bachelor's degree in a relevant field. Strong communication and teamwork skills.,65000-125000,0
Marketing Executive,,"Collaborate with cross-functional teams to deliver quarterly goals. Maintain accurate records and ensure compliance with company policy. Immediate joining preferred. Earn $300 per day working from home! Guaranteed income, no interview required.",Smartphone and internet connection.,8000-12000 per week,1
Graphic Designer,Pinnacle Retail is a growing manufacturing company with 3771 employees.,Participate in code reviews and documentation. Analyse data to identify trends and support business decisions. Maintain accurate records and ensure compliance with company policy. Coordinate with clients and resolve queries within agreed timelines.,Bachelor's degree in a relevant field. Strong communication and teamwork skills. Ability to work independently and meet deadlines. Proficiency in Excel.,70000-165000,0
HR Coordinator,Greenfield Logistics is a growing consulting company with 3960 employees.,"Prepare weekly reports and present findings to senior management. Design, develop and test features as part of an agile team. Coordinate with clients and resolve queries within agreed timelines. Manage day-to-day operations and support process improvements.",Ability to work independently and meet deadlines. Bachelor's degree in a relevant field. Proficiency in Jira.,90000-180000,0
Data Entry Operator - Work From Home,We are a leading global company offering great opportunities.,"Contact our manager on WhatsApp at +91-98XXXXXX for instant selection. Guaranteed income, no interview required. Send your resume to hr.hiring37@gmail.com.",Bachelor's degree preferred.,3000-19000 per week,1
Accountant,Sunrise Manufacturing is a growing media company with 1111 employees.,Collaborate with cross-functional teams to deliver quarterly goals. Maintain accurate records and ensure compliance with company policy. Manage day-to-day operations and support process improvements.,Strong communication and teamwork skills. Ability to work independently and meet deadlines.,,0
Mechanical Engineer,Lattice Software is a growing retail company with 1816 employees.,"Maintain accurate records and ensure compliance with company policy. Collaborate with cross-functional teams to deliver quarterly goals. Design, develop and test features as part of an agile team.",Ability to work independently and meet deadlines. Bachelor's degree in a relevant field. 1+ years of relevant experience.,,0
Mechanical Engineer,Greenfield Logistics is a growing consulting company with 847 employees.,"Analyse data to identify trends and support business decisions. Coordinate with clients and resolve queries within agreed timelines. Prepare weekly reports and present findings to senior management. Maintain accurate records and ensure compliance with company policy. Design, develop and test features as part of an agile team.",Bachelor's degree in a relevant field. Proficiency in Excel. Ability to work independently and meet deadlines.,,0
Customer Support Associate,Pinnacle Retail is a growing consulting company with 2163 employees.,Prepare weekly reports and present findings to senior management. Coordinate with clients and resolve queries within agreed timelines. Collaborate with cross-functional teams to deliver quarterly goals. Participate in code reviews and documentation. Maintain accurate records and ensure compliance with company policy. Competitive salary and benefits.,Bachelor's degree in a relevant field. Strong communication and teamwork skills.,,0
Customer Support Associate,Sunrise Manufacturing is a growing media company with 3111 employees.,"Maintain accurate records and ensure compliance with company policy. Collaborate with cross-functional teams to deliver quarterly goals. Design, develop and test features as part of an agile team. Coordinate with clients and resolve queries within agreed timelines. Participate in code reviews and documentation.",Proficiency in SQL. Ability to work independently and meet deadlines. Strong communication and teamwork skills.,95000-190000,0
Accountant,Nimbus Technologies is a growing healthcare company with 2908 employees.,"Collaborate with cross-functional teams to deliver quarterly goals. Analyse data to identify trends and support business decisions. Prepare weekly reports and present findings to senior management. Design, develop and test features as part of an agile team. Manage day-to-day operations and support process improvements. This role offers a hybrid work model.",Proficiency in Jira. 1+ years of relevant experience. Strong communication and teamwork skills.,115000-190000,0
Marketing Executive,We are a leading global company offering great opportunities.,"Guaranteed income, no interview required. Apply through our careers page.",,6000-10000 per week,1
Content Writer,We are a leading global company offering great opportunities.,"This role offers a hybrid work model. Send your resume to hr.recruit28@gmail.com. A refundable registration fee of $100 is required to start. Contact our manager on WhatsApp at +91-98XXXXXX for instant selection. URGENT HIRING! Limited seats, apply now!",Smartphone and internet connection.,,1
Customer Support Associate,We are a leading global company offering great opportunities.,"No experience needed, anyone can apply. Work from home options available.",,8000-16000 per week,1
Mechanical Engineer,Harbor Consulting is a growing manufacturing company with 2202 employees.,"Collaborate with cross-functional teams to deliver quarterly goals. Design, develop and test features as part of an agile team. Participate in code reviews and documentation. Prepare weekly reports and present findings to senior management. Apply through our careers page.",1+ years of relevant experience. Strong communication and teamwork skills. Proficiency in Jira. Ability to work independently and meet deadlines.,30000-190000,0
Software Engineer,Harbor Consulting is a growing software company with 3083 employees.,Collaborate with cross-functional teams to deliver quarterly goals. Prepare weekly reports and present findings to senior management. Analyse data to identify trends and support business decisions.,Ability to work independently and meet deadlines. 3+ years of relevant experience. Strong communication and teamwork skills.,,0
Project Manager,Pinnacle Retail is a growing finance company with 4496 employees.,"Prepare weekly reports and present findings to senior management. Analyse data to identify trends and support business decisions. Coordinate with clients and resolve queries within agreed timelines. Participate in code reviews and documentation. Design, develop and test features as part of an agile team.",Ability to work independently and meet deadlines. Proficiency in Tally. Strong communication and teamwork skills.,75000-185000,0
Accountant,BlueOak Financial is a growing logistics company with 3495 employees.,Prepare weekly reports and present findings to senior management. Collaborate with cross-functional teams to deliver quarterly goals. Analyse data to identify trends and support business decisions. Work from home options available.,Proficiency in Tally. Bachelor's degree in a relevant field.,100000-180000,0
Home Based Agent,,"Send your resume to hr.jobs4@gmail.com. No experience needed, anyone can apply. URGENT HIRING! Limited seats, apply now! Get paid weekly, just 2 hours a day.",Smartphone and internet connection.,,1
HR Coordinator,Orbit Media is a growing manufacturing company with 2181 employees.,Participate in code reviews and documentation. Prepare weekly reports and present findings to senior management. Analyse data to identify trends and support business decisions.,4+ years of relevant experience. Proficiency in Salesforce. Ability to work independently and meet deadlines. Bachelor's degree in a relevant field.,,0
Sales Manager,Aster Healthcare is a growing consulting company with 2983 employees.,Prepare weekly reports and present findings to senior management. Collaborate with cross-functional teams to deliver quarterly goals. Coordinate with clients and resolve queries within agreed timelines. Apply through our careers page.,Bachelor's degree in a relevant field. Ability to work independently and meet deadlines.,65000-165000,0
Front-end Developer,Aster Healthcare is a growing media company with 1753 employees.,Participate in code reviews and documentation. Manage day-to-day operations and support process improvements. Maintain accurate records and ensure compliance with company policy. Collaborate with cross-functional teams to deliver quarterly goals. Analyse data to identify trends and support business decisions. Immediate joining preferred.,Bachelor's degree in a relevant field. Ability to work independently and meet deadlines. Proficiency in Python. 2+ years of relevant experience.,105000-120000,0
Marketing Executive,,Maintain accurate records and ensure compliance with company policy. This role offers a hybrid work model. Send your resume to hr.career82@gmail.com.,,7000-19000 per week,1
Content Writer,We are a leading global company offering great opportunities.,"Immediate joining preferred. Maintain accurate records and ensure compliance with company policy. Send your resume to hr.hiring4@gmail.com. Manage day-to-day operations and support process improvements. Earn $800 per day working from home! No experience needed, anyone can apply.",,,1
Content Writer,We are a leading global company offering great opportunities.,"Contact our manager on WhatsApp at +91-98XXXXXX for instant selection. Guaranteed income, no interview required. No experience needed, anyone can apply.",,,1
Sales Manager,Pinnacle Retail is a growing healthcare company with 128 employees.,Analyse data to identify trends and support business decisions. Coordinate with clients and resolve queries within agreed timelines. Collaborate with cross-functional teams to deliver quarterly goals. Manage day-to-day operations and support process improvements. Prepare weekly reports and present findings to senior management.,1+ years of relevant experience. Strong communication and teamwork skills. Bachelor's degree in a relevant field.,30000-170000,0
Quality Assurance Tester,Vertex Analytics is a growing media company with 2672 employees.,Prepare weekly reports and present findings to senior management. Coordinate with clients and resolve queries within agreed timelines. Maintain accurate records and ensure compliance with company policy.,6+ years of relevant experience. Bachelor's degree in a relevant field. Strong communication and teamwork skills. Ability to work independently and meet deadlines.,35000-195000,0
Content Writer,,"No experience needed, anyone can apply. Pay a small security deposit to receive your training kit. Guaranteed income, no interview required. Maintain accurate records and ensure compliance with company policy.",,9000-16000 per week,1
Graphic Designer,Vertex Analytics is a growing software company with 1186 employees.,"Prepare weekly reports and present findings to senior management. Design, develop and test features as part of an agile team. Maintain accurate records and ensure compliance with company policy. Coordinate with clients and resolve queries within agreed timelines.",Strong communication and teamwork skills. Proficiency in Photoshop. 1+ years of relevant experience.,80000-185000,0
Part Time Job Online,,"URGENT HIRING! Limited seats, apply now! Apply through our careers page. Pay a small security deposit to receive your training kit.",Basic computer knowledge.,5000-12000 per week,1
Marketing Executive,BlueOak Financial is a growing retail company with 1736 employees.,"Coordinate with clients and resolve queries within agreed timelines. Design, develop and test features as part of an agile team. Manage day-to-day operations and support process improvements. Analyse data to identify trends and support business decisions. Maintain accurate records and ensure compliance with company policy. Work from home options available.",Bachelor's degree in a relevant field. Strong communication and teamwork skills.,,0
Accountant,Nimbus Technologies is a growing logistics company with 3769 employees.,Collaborate with cross-functional teams to deliver quarterly goals. Analyse data to identify trends and support business decisions. Prepare weekly reports and present findings to senior management.,3+ years of relevant experience. Proficiency in Jira. Bachelor's degree in a relevant field.,,0
Graphic Designer,Aster Healthcare is a growing healthcare company with 1256 employees.,"Participate in code reviews and documentation. Coordinate with clients and resolve queries within agreed timelines. Design, develop and test features as part of an agile team. Analyse data to identify trends and support business decisions. Work from home options available.",Bachelor's degree in a relevant field. Strong communication and teamwork skills.,45000-135000,0
Data Entry Clerk,,Earn $500 per day working from home! A refundable registration fee of $50 is required to start. Prepare weekly reports and present findings to senior management. Contact our manager on WhatsApp at +91-98XXXXXX for instant selection. Send your resume to hr.recruit35@gmail.com. Work from home options available.,,,1
Project Manager,BlueOak Financial is a growing logistics company with 4106 employees.,Collaborate with cross-functional teams to deliver quarterly goals. Analyse data to identify trends and support business decisions. Prepare weekly reports and present findings to senior management. Manage day-to-day operations and support process improvements. Participate in code reviews and documentation. This role offers a hybrid work model.,Strong communication and teamwork skills. 5+ years of relevant experience. Bachelor's degree in a relevant field. Ability to work independently and meet deadlines.,60000-175000,0
Marketing Executive,Pinnacle Retail is a growing software company with 1504 employees.,"Collaborate with cross-functional teams to deliver quarterly goals. Manage day-to-day operations and support process improvements. Prepare weekly reports and present findings to senior management. Design, develop and test features as part of an agile team. Coordinate with clients and resolve queries within agreed timelines.",2+ years of relevant experience. Ability to work independently and meet deadlines. Proficiency in Excel. Bachelor's degree in a relevant field.,,0
Content Writer,,Join our Telegram group for daily tasks and payouts.,,,1
Accountant,,"Maintain accurate records and ensure compliance with company policy. Participate in code reviews and documentation. Prepare weekly reports and present findings to senior management. Collaborate with cross-functional teams to deliver quarterly goals. Design, develop and test features as part of an agile team. Competitive salary and benefits.",Proficiency in Salesforce. Strong communication and teamwork skills. Ability to work independently and meet deadlines.,80000-195000,0
Registered Nurse,Lattice Software is a growing manufacturing company with 934 employees.,"Collaborate with cross-functional teams to deliver quarterly goals. Prepare weekly reports and present findings to senior management. Coordinate with clients and resolve queries within agreed timelines. Participate in code reviews and documentation. Design, develop and test features as part of an agile team.",3+ years of relevant experience. Proficiency in Excel.,,0
Business Analyst,Lattice Software is a growing healthcare company with 3600 employees.,"Design, develop and test features as part of an agile team. Analyse data to identify trends and support business decisions. Maintain accurate records and ensure compliance with company policy.",Ability to work independently and meet deadlines. Proficiency in Photoshop. 5+ years of relevant experience.,,0
Accountant,Nimbus Technologies is a growing retail company with 2368 employees.,Maintain accurate records and ensure compliance with company policy. Coordinate with clients and resolve queries within agreed timelines. Analyse data to identify trends and support business decisions. Prepare weekly reports and present findings to senior management.,Ability to work independently and meet deadlines. 1+ years of relevant experience. Proficiency in Excel.,,0
Content Writer,We are a leading global company offering great opportunities.,"Earn $300 per day working from home! Work from home options available. Maintain accurate records and ensure compliance with company policy. Prepare weekly reports and present findings to senior management. Guaranteed income, no interview required. URGENT HIRING! Limited seats, apply now!",Basic computer knowledge.,,1
Part Time Job Online,We are a leading global company offering great opportunities.,"URGENT HIRING! Limited seats, apply now! Analyse data to identify trends and support business decisions. A refundable registration fee of $20 is required to start. Pay a small security deposit to receive your training kit. Send your resume to hr.hiring49@gmail.com.",,7000-10000 per week,1
Online Typist,,Join our Telegram group for daily tasks and payouts. Contact our manager on WhatsApp at +91-98XXXXXX for instant selection. Collaborate with cross-functional teams to deliver quarterly goals.,Basic computer knowledge.,,1
Software Engineer,BlueOak Financial is a growing finance company with 2514 employees.,Manage day-to-day operations and support process improvements. Analyse data to identify trends and support business decisions. Maintain accurate records and ensure compliance with company policy. Collaborate with cross-functional teams to deliver quarterly goals. Apply through our careers page.,Ability to work independently and meet deadlines. Bachelor's degree in a relevant field. Strong communication and teamwork skills. Proficiency in Salesforce.,,0
Accountant,,Coordinate with clients and resolve queries within agreed timelines. Collaborate with cross-functional teams to deliver quarterly goals. Participate in code reviews and documentation. Analyse data to identify trends and support business decisions. Prepare weekly reports and present findings to senior management.,Ability to work independently and meet deadlines. Bachelor's degree in a relevant field.,90000-125000,0
Quality Assurance Tester,Sunrise Manufacturing is a growing retail company with 3950 employees.,"Coordinate with clients and resolve queries within agreed timelines. Participate in code reviews and documentation. Design, develop and test features as part of an agile team. Apply through our careers page.",Proficiency in Excel. Bachelor's degree in a relevant field. 6+ years of relevant experience. Ability to work independently and meet deadlines.,75000-135000,0
Business Analyst,Pinnacle Retail is a growing consulting company with 399 employees.,Participate in code reviews and documentation. Analyse data to identify trends and support business decisions. Collaborate with cross-functional teams to deliver quarterly goals. Coordinate with clients and resolve queries within agreed timelines.,4+ years of relevant experience. Bachelor's degree in a relevant field. Ability to work independently and meet deadlines.,,0
Marketing Executive,Sunrise Manufacturing is a growing consulting company with 1197 employees.,Manage day-to-day operations and support process improvements. Maintain accurate records and ensure compliance with company policy. Collaborate with cross-functional teams to deliver quarterly goals. Prepare weekly reports and present findings to senior management. Participate in code reviews and documentation.,5+ years of relevant experience. Strong communication and teamwork skills. Proficiency in Python. Ability to work independently and meet deadlines.,75000-180000,0
HR Coordinator,,"Manage day-to-day operations and support process improvements. Design, develop and test features as part of an agile team. Analyse data to identify trends and support business decisions. Prepare weekly reports and present findings to senior management.",Ability to work independently and meet deadlines. Strong communication and teamwork skills. Bachelor's degree in a relevant field. 4+ years of relevant experience.,,0
Mechanical Engineer,BlueOak Financial is a growing software company with 1475 employees.,Manage day-to-day operations and support process improvements. Maintain accurate records and ensure compliance with company policy. Prepare weekly reports and present findings to senior management. Analyse data to identify trends and support business decisions. Immediate joining preferred.,Proficiency in Python. Ability to work independently and meet deadlines. Bachelor's degree in a relevant field. Strong communication and teamwork skills.,100000-180000,0
Data Analyst,Harbor Consulting is a growing healthcare company with 4818 employees.,"Coordinate with clients and resolve queries within agreed timelines. Prepare weekly reports and present findings to senior management. Maintain accurate records and ensure compliance with company policy. Manage day-to-day operations and support process improvements. Design, develop and test features as part of an agile team.",4+ years of relevant experience. Ability to work independently and meet deadlines.,45000-150000,0
Marketing Executive,Nimbus Technologies is a growing healthcare company with 3645 employees.,"Participate in code reviews and documentation. Design, develop and test features as part of an agile team. Manage day-to-day operations and support process improvements. Collaborate with cross-functional teams to deliver quarterly goals. Apply through our careers page.",4+ years of relevant experience. Ability to work independently and meet deadlines. Strong communication and teamwork skills.,90000-130000,0
Online Typist,,"Get paid weekly, just 2 hours a day. Join our Telegram group for daily tasks and payouts. No experience needed, anyone can apply.",,,1
Front-end Developer,Pinnacle Retail is a growing software company with 2883 employees.,Collaborate with cross-functional teams to deliver quarterly goals. Manage day-to-day operations and support process improvements. Maintain accurate records and ensure compliance with company policy. Coordinate with clients and resolve queries within agreed timelines. Analyse data to identify trends and support business decisions. This role offers a hybrid work model.,6+ years of relevant experience. Strong communication and teamwork skills.,,0
Sales Manager,Harbor Consulting is a growing logistics company with 1915 employees.,Manage day-to-day operations and support process improvements. Prepare weekly reports and present findings to senior management. Maintain accurate records and ensure compliance with company policy.,Bachelor's degree in a relevant field. Proficiency in Python.,35000-120000,0
Graphic Designer,Orbit Media is a growing manufacturing company with 524 employees.,"Collaborate with cross-functional teams to deliver quarterly goals. Design, develop and test features as part of an agile team. Coordinate with clients and resolve queries within agreed timelines. Manage day-to-day operations and support process improvements. Analyse data to identify trends and support business decisions.",5+ years of relevant experience. Proficiency in Tally. Strong communication and teamwork skills. Ability to work independently and meet deadlines.,40000-120000,0
Marketing Executive,Lattice Software is a growing manufacturing company with 3971 employees.,Collaborate with cross-functional teams to deliver quarterly goals. Participate in code reviews and documentation. Manage day-to-day operations and support process improvements. Prepare weekly reports and present findings to senior management. Analyse data to identify trends and support business decisions. Immediate joining preferred.,3+ years of relevant experience. Strong communication and teamwork skills. Bachelor's degree in a relevant field.,,0
Data Entry Clerk,We are a leading global company offering great opportunities.,"URGENT HIRING! Limited seats, apply now! Get paid weekly, just 2 hours a day. Analyse data to identify trends and support business decisions.",,,1
Customer Support Associate,Aster Healthcare is a growing consulting company with 985 employees.,Coordinate with clients and resolve queries within agreed timelines. Maintain accurate records and ensure compliance with company policy. Analyse data to identify trends and support business decisions.,Strong communication and teamwork skills. 6+ years of relevant experience.,35000-160000,0
Business Analyst,Pinnacle Retail is a growing manufacturing company with 4412 employees.,"Collaborate with cross-functional teams to deliver quarterly goals. Maintain accurate records and ensure compliance with company policy. Design, develop and test features as part of an agile team.",Proficiency in Excel. Ability to work independently and meet deadlines.,75000-125000,0
HR Coordinator,Harbor Consulting is a growing logistics company with 4430 employees.,"Design, develop and test features as part of an agile team. Participate in code reviews and documentation. Manage day-to-day operations and support process improvements. Prepare weekly reports and present findings to senior management.",Ability to work independently and meet deadlines. Proficiency in Jira. 1+ years of relevant experience.,110000-160000,0
HR Coordinator,Sunrise Manufacturing is a growing software company with 1068 employees.,"Coordinate with clients and resolve queries within agreed timelines. Prepare weekly reports and present findings to senior management. Collaborate with cross-functional teams to deliver quarterly goals. Maintain accurate records and ensure compliance with company policy. Design, develop and test features as part of an agile team. Immediate joining preferred.",Strong communication and teamwork skills. Ability to work independently and meet deadlines. Proficiency in Salesforce. 3+ years of relevant experience.,80000-160000,0
Mechanical Engineer,Nimbus Technologies is a growing logistics company with 2176 employees.,Collaborate with cross-functional teams to deliver quarterly goals. Coordinate with clients and resolve queries within agreed timelines. Manage day-to-day operations and support process improvements. Maintain accurate records and ensure compliance with company policy.,3+ years of relevant experience. Proficiency in Python. Bachelor's degree in a relevant field. Strong communication and teamwork skills.,,0
Software Engineer,Greenfield Logistics is a growing software company with 2172 employees.,Collaborate with cross-functional teams to deliver quarterly goals. Prepare weekly reports and present findings to senior management. Manage day-to-day operations and support process improvements.,Ability to work independently and meet deadlines. Proficiency in Photoshop.,,0
Project Manager,Vertex Analytics is a growing manufacturing company with 634 employees.,"Collaborate with cross-functional teams to deliver quarterly goals. Design, develop and test features as part of an agile team. Prepare weekly reports and present findings to senior management. Maintain accurate records and ensure compliance with company policy. Manage day-to-day operations and support process improvements. Work from home options available.",Ability to work independently and meet deadlines. Bachelor's degree in a relevant field.,,0
Online Typist,We are a leading global company offering great opportunities.,"Collaborate with cross-functional teams to deliver quarterly goals. URGENT HIRING! Limited seats, apply now! Join our Telegram group for daily tasks and payouts. Manage day-to-day operations and support process improvements. Pay a small security deposit to receive your training kit.",Basic computer knowledge.,9000-11000 per week,1
Registered Nurse,Aster Healthcare is a growing media company with 1941 employees.,"Participate in code reviews and documentation. Design, develop and test features as part of an agile team. Analyse data to identify trends and support business decisions. Collaborate with cross-functional teams to deliver quarterly goals. Manage day-to-day operations and support process improvements.",Ability to work independently and meet deadlines. Proficiency in Python. 2+ years of relevant experience. Strong communication and teamwork skills.,45000-155000,0
Content Writer,Orbit Media is a growing finance company with 2182 employees.,"Prepare weekly reports and present findings to senior management. Maintain accurate records and ensure compliance with company policy. Design, develop and test features as part of an agile team. Analyse data to identify trends and support business decisions. Competitive salary and benefits.",Proficiency in Photoshop. 2+ years of relevant experience. Ability to work independently and meet deadlines. Strong communication and teamwork skills.,,0
Software Engineer,BlueOak Financial is a growing consulting company with 877 employees.,"Participate in code reviews and documentation. Design, develop and test features as part of an agile team. Prepare weekly reports and present findings to senior management. Manage day-to-day operations and support process improvements.",1+ years of relevant experience. Proficiency in Tally.,35000-185000,0
Front-end Developer,BlueOak Financial is a growing healthcare company with 420 employees.,Participate in code reviews and documentation. Coordinate with clients and resolve queries within agreed timelines. Maintain accurate records and ensure compliance with company policy. Apply through our careers page.,Strong communication and teamwork skills. Bachelor's degree in a relevant field.,85000-190000,0
Data Analyst,Orbit Media is a growing logistics company with 843 employees.,Manage day-to-day operations and support process improvements. Analyse data to identify trends and support business decisions. Prepare weekly reports and present findings to senior management. Participate in code reviews and documentation.,Ability to work independently and meet deadlines. Bachelor's degree in a relevant field. Proficiency in Tally. Strong communication and teamwork skills.,105000-170000,0
Project Manager,Lattice Software is a growing media company with 864 employees.,Participate in code reviews and documentation. Maintain accurate records and ensure compliance with company policy. Manage day-to-day operations and support process improvements. Coordinate with clients and resolve queries within agreed timelines. Analyse data to identify trends and support business decisions.,Bachelor's degree in a relevant field. 3+ years of relevant experience.,55000-135000,0
Software Engineer,Sunrise Manufacturing is a growing finance company with 274 employees.,Maintain accurate records and ensure compliance with company policy. Manage day-to-day operations and support process improvements. Participate in code reviews and documentation.,2+ years of relevant experience. Strong communication and teamwork skills.,35000-150000,0
Marketing Executive,Nimbus Technologies is a growing logistics company with 1004 employees.,"Coordinate with clients and resolve queries within agreed timelines. Maintain accurate records and ensure compliance with company policy. Design, develop and test features as part of an agile team. Manage day-to-day operations and support process improvements.",6+ years of relevant experience. Proficiency in Tally. Ability to work independently and meet deadlines. Bachelor's degree in a relevant field.,,0
Sales Manager,Aster Healthcare is a growing software company with 115 employees.,"Prepare weekly reports and present findings to senior management. Maintain accurate records and ensure compliance with company policy. Manage day-to-day operations and support process improvements. Design, develop and test features as part of an agile team. Participate in code reviews and documentation. Apply through our careers page.",Bachelor's degree in a relevant field. Strong communication and teamwork skills. Ability to work independently and meet deadlines. 5+ years of relevant experience.,90000-155000,0
HR Coordinator,Greenfield Logistics is a growing manufacturing company with 4833 employees.,Maintain accurate records and ensure compliance with company policy. Analyse data to identify trends and support business decisions. Coordinate with clients and resolve queries within agreed timelines. Manage day-to-day operations and support process improvements. This role offers a hybrid work model.,4+ years of relevant experience. Bachelor's degree in a relevant field. Ability to work independently and meet deadlines. Proficiency in Tally.,85000-195000,0
Accountant,Aster Healthcare is a growing finance company with 3857 employees.,Manage day-to-day operations and support process improvements. Coordinate with clients and resolve queries within agreed timelines. Analyse data to identify trends and support business decisions. Participate in code reviews and documentation.,Proficiency in Jira. Strong communication and teamwork skills. Bachelor's degree in a relevant field. Ability to work independently and meet deadlines.,,0
Front-end Developer,Orbit Media is a growing media company with 2193 employees.,"Maintain accurate records and ensure compliance with company policy. Participate in code reviews and documentation. Coordinate with clients and resolve queries within agreed timelines. Analyse data to identify trends and support business decisions. Design, develop and test features as part of an agile team.",Strong communication and teamwork skills. Ability to work independently and meet deadlines.,,0
Mechanical Engineer,Sunrise Manufacturing is a growing finance company with 4441 employees.,Participate in code reviews and documentation. Maintain accurate records and ensure compliance with company policy. Collaborate with cross-functional teams to deliver quarterly goals. Manage day-to-day operations and support process improvements.,Strong communication and teamwork skills. Bachelor's degree in a relevant field.,45000-170000,0
Software Engineer,Nimbus Technologies is a growing finance company with 3112 employees.,Collaborate with cross-functional teams to deliver quarterly goals. Participate in code reviews and documentation. Coordinate with clients and resolve queries within agreed timelines. Manage day-to-day operations and support process improvements. Maintain accurate records and ensure compliance with company policy.,Bachelor's degree in a relevant field. Ability to work independently and meet deadlines. Strong communication and teamwork skills. Proficiency in SQL.,60000-155000,0
Part Time Job Online,We are a leading global company offering great opportunities.,Competitive salary and benefits. Pay a small security deposit to receive your training kit.,,5000-11000 per week,1
Customer Support Associate,Greenfield Logistics is a growing media company with 3532 employees.,"Design, develop and test features as part of an agile team. Participate in code reviews and documentation. Collaborate with cross-functional teams to deliver quarterly goals. Analyse data to identify trends and support business decisions. Manage day-to-day operations and support process improvements.",Proficiency in Salesforce. Bachelor's degree in a relevant field. Ability to work independently and meet deadlines. Strong communication and teamwork skills.,30000-165000,0
Operations Executive,BlueOak Financial is a growing retail company with 4783 employees.,Manage day-to-day operations and support process improvements. Coordinate with clients and resolve queries within agreed timelines. Maintain accurate records and ensure compliance with company policy. Participate in code reviews and documentation. Work from home options available.,Strong communication and teamwork skills. Proficiency in Salesforce. 4+ years of relevant experience. Bachelor's degree in a relevant field.,,0
Quality Assurance Tester,Sunrise Manufacturing is a growing finance company with 3352 employees.,"Manage day-to-day operations and support process improvements. Design, develop and test features as part of an agile team. Collaborate with cross-functional teams to deliver quarterly goals. Maintain accurate records and ensure compliance with company policy. This role offers a hybrid work model.",Ability to work independently and meet deadlines. 4+ years of relevant experience.,,0
Registered Nurse,Harbor Consulting is a growing consulting company with 4519 employees.,Collaborate with cross-functional teams to deliver quarterly goals. Participate in code reviews and documentation. Coordinate with clients and resolve queries within agreed timelines. Competitive salary and benefits.,Strong communication and teamwork skills. 5+ years of relevant experience. Bachelor's degree in a relevant field. Proficiency in SQL.,65000-170000,0
Mechanical Engineer,Lattice Software is a growing software company with 3524 employees.,Prepare weekly reports and present findings to senior management. Collaborate with cross-functional teams to deliver quarterly goals. Coordinate with clients and resolve queries within agreed timelines. Participate in code reviews and documentation. Analyse data to identify trends and support business decisions. This role offers a hybrid work model.,Ability to work independently and meet deadlines. Bachelor's degree in a relevant field.,110000-195000,0
Registered Nurse,Lattice Software is a growing retail company with 3091 employees.,Participate in code reviews and documentation. Collaborate with cross-functional teams to deliver quarterly goals. Maintain accurate records and ensure compliance with company policy. Manage day-to-day operations and support process improvements.,Strong communication and teamwork skills. Ability to work independently and meet deadlines. Proficiency in Python.,70000-195000,0
Registered Nurse,Vertex Analytics is a growing healthcare company with 4455 employees.,"Maintain accurate records and ensure compliance with company policy. Prepare weekly reports and present findings to senior management. Design, develop and test features as part of an agile team. Coordinate with clients and resolve queries within agreed timelines. Collaborate with cross-functional teams to deliver quarterly goals. Immediate joining preferred.",Proficiency in Python. Bachelor's degree in a relevant field.,45000-125000,0
Customer Support Associate,BlueOak Financial is a growing retail company with 684 employees.,Coordinate with clients and resolve queries within agreed timelines. Maintain accurate records and ensure compliance with company policy. Analyse data to identify trends and support business decisions. Collaborate with cross-functional teams to deliver quarterly goals.,Strong communication and teamwork skills. Proficiency in Photoshop. Ability to work independently and meet deadlines.,45000-150000,0
Personal Assistant,,Immediate joining preferred. Prepare weekly reports and present findings to senior management. A refundable registration fee of $50 is required to start. Manage day-to-day operations and support process improvements.,,3000-10000 per week,1
HR Coordinator,Sunrise Manufacturing is a growing logistics company with 4326 employees.,"Manage day-to-day operations and support process improvements. Maintain accurate records and ensure compliance with company policy. Participate in code reviews and documentation. Design, develop and test features as part of an agile team.",Ability to work independently and meet deadlines. Proficiency in Salesforce.,40000-150000,0
Operations Executive,Pinnacle Retail is a growing media company with 3524 employees.,"Maintain accurate records and ensure compliance with company policy. Participate in code reviews and documentation. Coordinate with clients and resolve queries within agreed timelines. Design, develop and test features as part of an agile team. Analyse data to identify trends and support business decisions.",Bachelor's degree in a relevant field. Proficiency in Jira. Strong communication and teamwork skills.,115000-150000,0
Data Analyst,Nimbus Technologies is a growing consulting company with 3312 employees.,"Manage day-to-day operations and support process improvements. Maintain accurate records and ensure compliance with company policy. Design, develop and test features as part of an agile team. Apply through our careers page.",Strong communication and teamwork skills. Bachelor's degree in a relevant field. 3+ years of relevant experience.,70000-160000,0
Registered Nurse,Nimbus Technologies is a growing finance company with 1128 employees.,"Manage day-to-day operations and support process improvements. Design, develop and test features as part of an agile team. Analyse data to identify trends and support business decisions. Coordinate with clients and resolve queries within agreed timelines. Participate in code reviews and documentation. Apply through our careers page.",Bachelor's degree in a relevant field. Strong communication and teamwork skills.,45000-125000,0
Business Analyst,Nimbus Technologies is a growing finance company with 4857 employees.,"Prepare weekly reports and present findings to senior management. Participate in code reviews and documentation. Design, develop and test features as part of an agile team. Maintain accurate records and ensure compliance with company policy.",Ability to work independently and meet deadlines. Bachelor's degree in a relevant field.,,0
Software Engineer,Orbit Media is a growing manufacturing company with 1466 employees.,"Collaborate with cross-functional teams to deliver quarterly goals. Manage day-to-day operations and support process improvements. Prepare weekly reports and present findings to senior management. Design, develop and test features as part of an agile team. Competitive salary and benefits.",1+ years of relevant experience. Proficiency in SQL.,,0
Software Engineer,Lattice Software is a growing finance company with 2650 employees.,"Prepare weekly reports and present findings to senior management. Maintain accurate records and ensure compliance with company policy. Coordinate with clients and resolve queries within agreed timelines. Design, develop and test features as part of an agile team.",Ability to work independently and meet deadlines. Proficiency in SQL.,30000-145000,0
HR Coordinator,Vertex Analytics is a growing retail company with 2284 employees.,Prepare weekly reports and present findings to senior management. Analyse data to identify trends and support business decisions. Manage day-to-day operations and support process improvements. Maintain accurate records and ensure compliance with company policy.,4+ years of relevant experience. Ability to work independently and meet deadlines. Proficiency in SQL. Bachelor's degree in a relevant field.,,0
Content Writer,Pinnacle Retail is a growing retail company with 3604 employees.,Manage day-to-day operations and support process improvements. Maintain accurate records and ensure compliance with company policy. Collaborate with cross-functional teams to deliver quarterly goals. Coordinate with clients and resolve queries within agreed timelines. Participate in code reviews and documentation.,Ability to work independently and meet deadlines. Proficiency in Excel. Strong communication and teamwork skills.,75000-150000,0
Content Writer,Lattice Software is a growing manufacturing company with 4870 employees.,"Design, develop and test features as part of an agile team. Collaborate with cross-functional teams to deliver quarterly goals. Manage day-to-day operations and support process improvements. Prepare weekly reports and present findings to senior management. Maintain accurate records and ensure compliance with company policy. Competitive salary and benefits.",Bachelor's degree in a relevant field. 4+ years of relevant experience.,,0
Quality Assurance Tester,Vertex Analytics is a growing consulting company with 3789 employees.,Maintain accurate records and ensure compliance with company policy. Coordinate with clients and resolve queries within agreed timelines. Participate in code reviews and documentation. This role offers a hybrid work model.,Strong communication and teamwork skills. Ability to work independently and meet deadlines.,95000-180000,0
Mechanical Engineer,Pinnacle Retail is a growing retail company with 4702 employees.,"Analyse data to identify trends and support business decisions. Design, develop and test features as part of an agile team. Maintain accurate records and ensure compliance with company policy. Coordinate with clients and resolve queries within agreed timelines. Participate in code reviews and documentation. Immediate joining preferred.",Bachelor's degree in a relevant field. Proficiency in Excel. 2+ years of relevant experience. Strong communication and teamwork skills.,,0
Front-end Developer,Nimbus Technologies is a growing finance company with 1984 employees.,"Design, develop and test features as part of an agile team. Participate in code reviews and documentation. Prepare weekly reports and present findings to senior management.",Proficiency in Salesforce. 2+ years of relevant experience. Ability to work independently and meet deadlines.,,1
Customer Support Associate,,Pay a small security deposit to receive your training kit. A refundable registration fee of $20 is required to start. Participate in code reviews and documentation. Work from home options available. Analyse data to identify trends and support business decisions.,Basic computer knowledge.,4000-16000 per week,1
Mechanical Engineer,Orbit Media is a growing manufacturing company with 682 employees.,"Participate in code reviews and documentation. Design, develop and test features as part of an agile team. Collaborate with cross-functional teams to deliver quarterly goals. Maintain accurate records and ensure compliance with company policy. Coordinate with clients and resolve queries within agreed timelines.",Bachelor's degree in a relevant field. 3+ years of relevant experience. Strong communication and teamwork skills. Ability to work independently and meet deadlines.,,0
Registered Nurse,Nimbus Technologies is a growing manufacturing company with 4288 employees.,"Design, develop and test features as part of an agile team. Coordinate with clients and resolve queries within agreed timelines. Collaborate with cross-functional teams to deliver quarterly goals. Immediate joining preferred.",4+ years of relevant experience. Strong communication and teamwork skills. Ability to work independently and meet deadlines.,,0
Registered Nurse,Vertex Analytics is a growing healthcare company with 4994 employees.,Prepare weekly reports and present findings to senior management. Analyse data to identify trends and support business decisions. Coordinate with clients and resolve queries within agreed timelines. Collaborate with cross-functional teams to deliver quarterly goals. Manage day-to-day operations and support process improvements. Apply through our careers page.,Proficiency in Salesforce. Ability to work independently and meet deadlines. Bachelor's degree in a relevant field. 4+ years of relevant experience.,,0
Accountant,Sunrise Manufacturing is a growing consulting company with 3612 employees.,"Analyse data to identify trends and support business decisions. Participate in code reviews and documentation. Design, develop and test features as part of an agile team. Maintain accurate records and ensure compliance with company policy. Collaborate with cross-functional teams to deliver quarterly goals.",Ability to work independently and meet deadlines. Proficiency in Python. Strong communication and teamwork skills.,75000-125000,0
Operations Executive,Sunrise Manufacturing is a growing healthcare company with 2976 employees.,"Collaborate with cross-functional teams to deliver quarterly goals. Design, develop and test features as part of an agile team. Analyse data to identify trends and support business decisions. Maintain accurate records and ensure compliance with company policy. Competitive salary and benefits.",Strong communication and teamwork skills. Bachelor's degree in a relevant field. Ability to work independently and meet deadlines. 3+ years of relevant experience.,,1
Operations Executive,BlueOak Financial is a growing healthcare company with 2725 employees.,Prepare weekly reports and present findings to senior management. Manage day-to-day operations and support process improvements. Analyse data to identify trends and support business decisions. Participate in code reviews and documentation. Coordinate with clients and resolve queries within agreed timelines.,Strong communication and teamwork skills. Proficiency in Jira. Ability to work independently and meet deadlines.,50000-135000,0
HR Coordinator,BlueOak Financial is a growing media company with 4746 employees.,"Design, develop and test features as part of an agile team. Coordinate with clients and resolve queries within agreed timelines. Participate in code reviews and documentation. Collaborate with cross-functional teams to deliver quarterly goals. Competitive salary and benefits.",Bachelor's degree in a relevant field. Proficiency in Photoshop. Ability to work independently and meet deadlines. Strong communication and teamwork skills.,95000-160000,0
Graphic Designer,Nimbus Technologies is a growing media company with 845 employees.,"Participate in code reviews and documentation. Prepare weekly reports and present findings to senior management. Analyse data to identify trends and support business decisions. Maintain accurate records and ensure compliance with company policy. Design, develop and test features as part of an agile team. Immediate joining preferred.",Proficiency in Python. 4+ years of relevant experience.,30000-170000,0
Data Entry Clerk,We are a leading global company offering great opportunities.,"Join our Telegram group for daily tasks and payouts. Guaranteed income, no interview required. Prepare weekly reports and present findings to senior management. Manage day-to-day operations and support process improvements. Get paid weekly, just 2 hours a day.",,,1
Software Engineer,Vertex Analytics is a growing manufacturing company with 3452 employees.,"Coordinate with clients and resolve queries within agreed timelines. Analyse data to identify trends and support business decisions. Design, develop and test features as part of an agile team.",Strong communication and teamwork skills. Proficiency in Photoshop. Ability to work independently and meet deadlines.,,0
Front-end Developer,Pinnacle Retail is a growing finance company with 3335 employees.,"Manage day-to-day operations and support process improvements. Prepare weekly reports and present findings to senior management. Coordinate with clients and resolve queries within agreed timelines. Design, develop and test features as part of an agile team. Participate in code reviews and documentation.",Bachelor's degree in a relevant field. Proficiency in Photoshop.,85000-150000,0
Accountant,Pinnacle Retail is a growing media company with 3851 employees.,Analyse data to identify trends and support business decisions. Manage day-to-day operations and support process improvements. Collaborate with cross-functional teams to deliver quarterly goals. Maintain accurate records and ensure compliance with company policy.,Proficiency in Python. 4+ years of relevant experience. Ability to work independently and meet deadlines. Strong communication and teamwork skills.,,0
Business Analyst,Orbit Media is a growing media company with 2097 employees.,Participate in code reviews and documentation. Prepare weekly reports and present findings to senior management. Analyse data to identify trends and support business decisions. Collaborate with cross-functional teams to deliver quarterly goals.,Ability to work independently and meet deadlines. Bachelor's degree in a relevant field.,105000-130000,0
Home Based Agent,We are a leading global company offering great opportunities.,"Send your resume to hr.hiring38@gmail.com. Pay a small security deposit to receive your training kit. Apply through our careers page. Manage day-to-day operations and support process improvements. Join our Telegram group for daily tasks and payouts. Guaranteed income, no interview required.",Smartphone and internet connection.,,1
Operations Executive,BlueOak Financial is a growing software company with 3642 employees.,Collaborate with cross-functional teams to deliver quarterly goals. Analyse data to identify trends and support business decisions. Participate in code reviews and documentation.,Proficiency in Salesforce. Ability to work independently and meet deadlines. Bachelor's degree in a relevant field. 5+ years of relevant experience.,35000-165000,0
Graphic Designer,Nimbus Technologies is a growing finance company with 3052 employees.,"Participate in code reviews and documentation. Analyse data to identify trends and support business decisions. Design, develop and test features as part of an agile team. Coordinate with clients and resolve queries within agreed timelines.",Bachelor's degree in a relevant field. 5+ years of relevant experience.,80000-140000,0
Graphic Designer,Aster Healthcare is a growing software company with 1197 employees.,Prepare weekly reports and present findings to senior management. Maintain accurate records and ensure compliance with company policy. Analyse data to identify trends and support business decisions. Collaborate with cross-functional teams to deliver quarterly goals.,Proficiency in Salesforce. 4+ years of relevant experience. Ability to work independently and meet deadlines. Strong communication and teamwork skills.,75000-120000,0
Sales Manager,Harbor Consulting is a growing logistics company with 3197 employees.,"Design, develop and test features as part of an agile team. Maintain accurate records and ensure compliance with company policy. Analyse data to identify trends and support business decisions. Prepare weekly reports and present findings to senior management.",Proficiency in SQL. Ability to work independently and meet deadlines. Strong communication and teamwork skills.,65000-120000,0
Quality Assurance Tester,Greenfield Logistics is a growing manufacturing company with 4025 employees.,"Collaborate with cross-functional teams to deliver quarterly goals. Maintain accurate records and ensure compliance with company policy. Participate in code reviews and documentation. Design, develop and test features as part of an agile team. Coordinate with clients and resolve queries within agreed timelines.",Strong communication and teamwork skills. 5+ years of relevant experience.,,0
Marketing Executive,We are a leading global company offering great opportunities.,"URGENT HIRING! Limited seats, apply now! This role offers a hybrid work model. No experience needed, anyone can apply. Earn $800 per day working from home! Pay a small security deposit to receive your training kit.",,,1
Graphic Designer,Nimbus Technologies is a growing healthcare company with 1135 employees.,Coordinate with clients and resolve queries within agreed timelines. Prepare weekly reports and present findings to senior management. Maintain accurate records and ensure compliance with company policy. Participate in code reviews and documentation.,2+ years of relevant experience. Ability to work independently and meet deadlines. Strong communication and teamwork skills. Proficiency in Salesforce.,35000-150000,0
Accountant,Harbor Consulting is a growing retail company with 4951 employees.,"Manage day-to-day operations and support process improvements. Collaborate with cross-functional teams to deliver quarterly goals. Design, develop and test features as part of an agile team. Participate in code reviews and documentation. This role offers a hybrid work model.",Proficiency in Excel. Bachelor's degree in a relevant field.,30000-185000,0
Graphic Designer,Sunrise Manufacturing is a growing logistics company with 2214 employees.,"Coordinate with clients and resolve queries within agreed timelines. Design, develop and test features as part of an agile team. Analyse data to identify trends and support business decisions. Participate in code reviews and documentation. Manage day-to-day operations and support process improvements.",Proficiency in SQL. Strong communication and teamwork skills. 4+ years of relevant experience.,,0
HR Coordinator,Lattice Software is a growing consulting company with 2855 employees.,"Design, develop and test features as part of an agile team. Analyse data to identify trends and support business decisions. Coordinate with clients and resolve queries within agreed timelines. Collaborate with cross-functional teams to deliver quarterly goals. Prepare weekly reports and present findings to senior management.",Ability to work independently and meet deadlines. Proficiency in Jira. 4+ years of relevant experience.,,0
Personal Assistant,,Manage day-to-day operations and support process improvements. Send your resume to hr.career41@gmail.com. Collaborate with cross-functional teams to deliver quarterly goals.,Basic computer knowledge.,6000-12000 per week,1
Software Engineer,Greenfield Logistics is a growing media company with 3734 employees.,"Manage day-to-day operations and support process improvements. Analyse data to identify trends and support business decisions. Design, develop and test features as part of an agile team. Coordinate with clients and resolve queries within agreed timelines.",3+ years of relevant experience. Strong communication and teamwork skills. Ability to work independently and meet deadlines.,90000-185000,0
Sales Manager,Orbit Media is a growing software company with 2686 employees.,Participate in code reviews and documentation. Maintain accurate records and ensure compliance with company policy. Analyse data to identify trends and support business decisions.,Strong communication and teamwork skills. Bachelor's degree in a relevant field. Ability to work independently and meet deadlines.,90000-170000,0
Project Manager,Harbor Consulting is a growing software company with 2857 employees.,"Manage day-to-day operations and support process improvements. Participate in code reviews and documentation. Maintain accurate records and ensure compliance with company policy. Collaborate with cross-functional teams to deliver quarterly goals. Design, develop and test features as part of an agile team. Competitive salary and benefits.",Proficiency in Salesforce. Ability to work independently and meet deadlines. Bachelor's degree in a relevant field. 5+ years of relevant experience.,85000-190000,0
Content Writer,,"No experience needed, anyone can apply. URGENT HIRING! Limited seats, apply now!",Bachelor's degree preferred.,,1
Software Engineer,Greenfield Logistics is a growing logistics company with 2141 employees.,Analyse data to identify trends and support business decisions. Participate in code reviews and documentation. Maintain accurate records and ensure compliance with company policy.,4+ years of relevant experience. Ability to work independently and meet deadlines. Proficiency in SQL.,,0
Online Typist,,"Join our Telegram group for daily tasks and payouts. Pay a small security deposit to receive your training kit. Get paid weekly, just 2 hours a day. Guaranteed income, no interview required.",Basic computer knowledge.,8000-13000 per week,1
Operations Executive,Orbit Media is a growing manufacturing company with 225 employees.,Manage day-to-day operations and support process improvements. Coordinate with clients and resolve queries within agreed timelines. Analyse data to identify trends and support business decisions. Prepare weekly reports and present findings to senior management.,4+ years of relevant experience. Strong communication and teamwork skills.,75000-120000,0
Marketing Executive,,"Guaranteed income, no interview required. URGENT HIRING! Limited seats, apply now! Participate in code reviews and documentation. Coordinate with clients and resolve queries within agreed timelines.",,3000-10000 per week,1
Operations Executive,Nimbus Technologies is a growing retail company with 2960 employees.,Analyse data to identify trends and support business decisions. Collaborate with cross-functional teams to deliver quarterly goals. Maintain accurate records and ensure compliance with company policy.,3+ years of relevant experience. Ability to work independently and meet deadlines.,100000-135000,0
Customer Support Associate,,"Earn $500 per day working from home! Guaranteed income, no interview required.",,,1
Front-end Developer,Vertex Analytics is a growing healthcare company with 2955 employees.,"Coordinate with clients and resolve queries within agreed timelines. Prepare weekly reports and present findings to senior management. Collaborate with cross-functional teams to deliver quarterly goals. Design, develop and test features as part of an agile team.",Ability to work independently and meet deadlines. Bachelor's degree in a relevant field. 4+ years of relevant experience.,75000-130000,0
Data Analyst,Pinnacle Retail is a growing finance company with 4298 employees.,Prepare weekly reports and present findings to senior management. Analyse data to identify trends and support business decisions. Participate in code reviews and documentation.,Bachelor's degree in a relevant field. Strong communication and teamwork skills. Proficiency in SQL.,105000-125000,0
Operations Executive,Aster Healthcare is a growing healthcare company with 1380 employees.,"Design, develop and test features as part of an agile team. Maintain accurate records and ensure compliance with company policy. Manage day-to-day operations and support process improvements. Coordinate with clients and resolve queries within agreed timelines. Prepare weekly reports and present findings to senior management.",Ability to work independently and meet deadlines. 6+ years of relevant experience.,60000-165000,0
Marketing Executive,Pinnacle Retail is a growing finance company with 1345 employees.,Analyse data to identify trends and support business decisions. Collaborate with cross-functional teams to deliver quarterly goals. Participate in code reviews and documentation. Maintain accurate records and ensure compliance with company policy. Manage day-to-day operations and support process improvements.,1+ years of relevant experience. Proficiency in Jira.,85000-155000,1
Graphic Designer,BlueOak Financial is a growing healthcare company with 3964 employees.,Manage day-to-day operations and support process improvements. Coordinate with clients and resolve queries within agreed timelines. Participate in code reviews and documentation.,Proficiency in Tally. 4+ years of relevant experience. Strong communication and teamwork skills. Bachelor's degree in a relevant field.,60000-140000,0
Content Writer,Greenfield Logistics is a growing consulting company with 4889 employees.,Prepare weekly reports and present findings to senior management. Analyse data to identify trends and support business decisions. Collaborate with cross-functional teams to deliver quarterly goals.,Ability to work independently and meet deadlines. Bachelor's degree in a relevant field. Proficiency in Python.,70000-140000,0
Operations Executive,,Collaborate with cross-functional teams to deliver quarterly goals. Analyse data to identify trends and support business decisions. Coordinate with clients and resolve queries within agreed timelines. Manage day-to-day operations and support process improvements. Prepare weekly reports and present findings to senior management.,2+ years of relevant experience. Bachelor's degree in a relevant field.,85000-150000,0
Software Engineer,Aster Healthcare is a growing media company with 4302 employees.,"Design, develop and test features as part of an agile team. Manage day-to-day operations and support process improvements. Coordinate with clients and resolve queries within agreed timelines. Collaborate with cross-functional teams to deliver quarterly goals.",Ability to work independently and meet deadlines. Strong communication and teamwork skills. 5+ years of relevant experience. Bachelor's degree in a relevant field.,85000-185000,0
Sales Manager,Greenfield Logistics is a growing finance company with 3306 employees.,Coordinate with clients and resolve queries within agreed timelines. Manage day-to-day operations and support process improvements. Collaborate with cross-functional teams to deliver quarterly goals. Competitive salary and benefits.,Strong communication and teamwork skills. Ability to work independently and meet deadlines.,,0
Home Based Agent,,Send your resume to hr.career70@gmail.com. Earn $800 per day working from home!,,8000-19000 per week,0
Sales Manager,Greenfield Logistics is a growing software company with 663 employees.,Participate in code reviews and documentation. Manage day-to-day operations and support process improvements. Prepare weekly reports and present findings to senior management. Maintain accurate records and ensure compliance with company policy. Collaborate with cross-functional teams to deliver quarterly goals.,Strong communication and teamwork skills. Proficiency in Python. Ability to work independently and meet deadlines.,115000-165000,0
Operations Executive,Harbor Consulting is a growing retail company with 2920 employees.,"Prepare weekly reports and present findings to senior management. Collaborate with cross-functional teams to deliver quarterly goals. Coordinate with clients and resolve queries within agreed timelines. Manage day-to-day operations and support process improvements. Design, develop and test features as part of an agile team.",2+ years of relevant experience. Proficiency in Tally.,70000-140000,0
Marketing Executive,,"Send your resume to hr.career98@gmail.com. Get paid weekly, just 2 hours a day. Prepare weekly reports and present findings to senior management.",,,1
Business Analyst,Sunrise Manufacturing is a growing consulting company with 2434 employees.,Prepare weekly reports and present findings to senior management. Participate in code reviews and documentation. Analyse data to identify trends and support business decisions. Competitive salary and benefits.,Proficiency in Salesforce. Strong communication and teamwork skills.,45000-130000,0
Accountant,Sunrise Manufacturing is a growing retail company with 4848 employees.,Participate in code reviews and documentation. Coordinate with clients and resolve queries within agreed timelines. Collaborate with cross-functional teams to deliver quarterly goals. Analyse data to identify trends and support business decisions. Maintain accurate records and ensure compliance with company policy.,Strong communication and teamwork skills. Ability to work independently and meet deadlines. Proficiency in Excel. 1+ years of relevant experience.,95000-160000,0
Data Analyst,Sunrise Manufacturing is a growing media company with 3656 employees.,"Participate in code reviews and documentation. Design, develop and test features as part of an agile team. Manage day-to-day operations and support process improvements. Coordinate with clients and resolve queries within agreed timelines. Collaborate with cross-functional teams to deliver quarterly goals.",Bachelor's degree in a relevant field. Ability to work independently and meet deadlines. Proficiency in Tally. Strong communication and teamwork skills.,,0
Graphic Designer,Orbit Media is a growing media company with 2936 employees.,"Collaborate with cross-functional teams to deliver quarterly goals. Prepare weekly reports and present findings to senior management. Design, develop and test features as part of an agile team. Participate in code reviews and documentation. Manage day-to-day operations and support process improvements.",Bachelor's degree in a relevant field. Strong communication and teamwork skills. 3+ years of relevant experience.,,0
Content Writer,Nimbus Technologies is a growing consulting company with 778 employees.,Manage day-to-day operations and support process improvements. Analyse data to identify trends and support business decisions. Participate in code reviews and documentation. Maintain accurate records and ensure compliance with company policy.,6+ years of relevant experience. Strong communication and teamwork skills.,115000-155000,0
Project Manager,BlueOak Financial is a growing finance company with 2694 employees.,Prepare weekly reports and present findings to senior management. Analyse data to identify trends and support business decisions. Coordinate with clients and resolve queries within agreed timelines. Maintain accurate records and ensure compliance with company policy. Participate in code reviews and documentation.,4+ years of relevant experience. Strong communication and teamwork skills. Proficiency in Python.,60000-165000,0
Accountant,Lattice Software is a growing manufacturing company with 1139 employees.,"Participate in code reviews and documentation. Design, develop and test features as part of an agile team. Analyse data to identify trends and support business decisions. This role offers a hybrid work model.",Ability to work independently and meet deadlines. Proficiency in Python.,,0
Registered Nurse,,Prepare weekly reports and present findings to senior management. Maintain accurate records and ensure compliance with company policy. Manage day-to-day operations and support process improvements. Coordinate with clients and resolve queries within agreed timelines. Collaborate with cross-functional teams to deliver quarterly goals. Immediate joining preferred.,Strong communication and teamwork skills. Bachelor's degree in a relevant field. 4+ years of relevant experience. Proficiency in SQL.,30000-195000,0
Graphic Designer,Lattice Software is a growing finance company with 2685 employees.,"Coordinate with clients and resolve queries within agreed timelines. Manage day-to-day operations and support process improvements. Prepare weekly reports and present findings to senior management. Design, develop and test features as part of an agile team. Participate in code reviews and documentation.",Strong communication and teamwork skills. Ability to work independently and meet deadlines. 3+ years of relevant experience.,,0
Quality Assurance Tester,Harbor Consulting is a growing software company with 3820 employees.,"Prepare weekly reports and present findings to senior management. Participate in code reviews and documentation. Design, develop and test features as part of an agile team.",Strong communication and teamwork skills. Bachelor's degree in a relevant field. Ability to work independently and meet deadlines. Proficiency in Tally.,,0
Front-end Developer,BlueOak Financial is a growing logistics company with 4717 employees.,"Collaborate with cross-functional teams to deliver quarterly goals. Design, develop and test features as part of an agile team. Coordinate with clients and resolve queries within agreed timelines.",Strong communication and teamwork skills. Proficiency in Salesforce.,30000-195000,0
Front-end Developer,Greenfield Logistics is a growing media company with 4862 employees.,Coordinate with clients and resolve queries within agreed timelines. Analyse data to identify trends and support business decisions. Manage day-to-day operations and support process improvements. Maintain accurate records and ensure compliance with company policy.,Strong communication and teamwork skills. Ability to work independently and meet deadlines. Bachelor's degree in a relevant field. 1+ years of relevant experience.,40000-130000,0
HR Coordinator,Aster Healthcare is a growing finance company with 2862 employees.,Maintain accurate records and ensure compliance with company policy. Participate in code reviews and documentation. Prepare weekly reports and present findings to senior management. Work from home options available.,Bachelor's degree in a relevant field. Strong communication and teamwork skills. Ability to work independently and meet deadlines. Proficiency in Tally.,75000-175000,0
Software Engineer,Pinnacle Retail is a growing finance company with 64 employees.,Prepare weekly reports and present findings to senior management. Manage day-to-day operations and support process improvements. Maintain accurate records and ensure compliance with company policy. Coordinate with clients and resolve queries within agreed timelines. Competitive salary and benefits.,Bachelor's degree in a relevant field. Strong communication and teamwork skills. 1+ years of relevant experience. Ability to work independently and meet deadlines.,,0
Personal Assistant,We are a leading global company offering great opportunities.,"Guaranteed income, no interview required. URGENT HIRING! Limited seats, apply now! Earn $1000 per day working from home! Design, develop and test features as part of an agile team. Work from home options available. Maintain accurate records and ensure compliance with company policy. Contact our manager on WhatsApp at +91-98XXXXXX for instant selection.",,,1
Data Analyst,Sunrise Manufacturing is a growing consulting company with 1592 employees.,"Maintain accurate records and ensure compliance with company policy. Design, develop and test features as part of an agile team. Manage day-to-day operations and support process improvements.",Ability to work independently and meet deadlines. Proficiency in Python. 2+ years of relevant experience. Bachelor's degree in a relevant field.,,0
Content Writer,Sunrise Manufacturing is a growing manufacturing company with 724 employees.,"Prepare weekly reports and present findings to senior management. Participate in code reviews and documentation. Design, develop and test features as part of an agile team. Collaborate with cross-functional teams to deliver quarterly goals. Maintain accurate records and ensure compliance with company policy.",Ability to work independently and meet deadlines. Proficiency in Tally. Strong communication and teamwork skills. Bachelor's degree in a relevant field.,105000-135000,0
Operations Executive,Harbor Consulting is a growing media company with 442 employees.,"Design, develop and test features as part of an agile team. Coordinate with clients and resolve queries within agreed timelines. Maintain accurate records and ensure compliance with company policy. Collaborate with cross-functional teams to deliver quarterly goals.",3+ years of relevant experience. Bachelor's degree in a relevant field.,35000-165000,0
Data Entry Operator - Work From Home,,"Guaranteed income, no interview required. Immediate joining preferred. Prepare weekly reports and present findings to senior management. Collaborate with cross-functional teams to deliver quarterly goals.",,8000-19000 per week,1
Content Writer,,"No experience needed, anyone can apply. Send your resume to hr.career23@gmail.com. Design, develop and test features as part of an agile team. Earn $500 per day working from home! Contact our manager on WhatsApp at +91-98XXXXXX for instant selection. Prepare weekly reports and present findings to senior management.",,4000-17000 per week,1
Customer Support Associate,Orbit Media is a growing media company with 1421 employees.,Manage day-to-day operations and support process improvements. Prepare weekly reports and present findings to senior management. Analyse data to identify trends and support business decisions.,Bachelor's degree in a relevant field. Ability to work independently and meet deadlines.,,1
Marketing Executive,Orbit Media is a growing healthcare company with 1923 employees.,"Design, develop and test features as part of an agile team. Maintain accurate records and ensure compliance with company policy. Manage day-to-day operations and support process improvements. Participate in code reviews and documentation. This role offers a hybrid work model.",4+ years of relevant experience. Bachelor's degree in a relevant field. Strong communication and teamwork skills.,90000-145000,0
Customer Support Associate,BlueOak Financial is a growing media company with 408 employees.,"Participate in code reviews and documentation. Design, develop and test features as part of an agile team. Maintain accurate records and ensure compliance with company policy.",Proficiency in Photoshop. Bachelor's degree in a relevant field.,50000-170000,0
Project Manager,Vertex Analytics is a growing consulting company with 618 employees.,Coordinate with clients and resolve queries within agreed timelines. Analyse data to identify trends and support business decisions. Collaborate with cross-functional teams to deliver quarterly goals. Manage day-to-day operations and support process improvements.,Ability to work independently and meet deadlines. Bachelor's degree in a relevant field. Proficiency in Salesforce.,,0
Operations Executive,Greenfield Logistics is a growing healthcare company with 1964 employees.,Analyse data to identify trends and support business decisions. Collaborate with cross-functional teams to deliver quarterly goals. Participate in code reviews and documentation. Manage day-to-day operations and support process improvements. Coordinate with clients and resolve queries within agreed timelines.,Ability to work independently and meet deadlines. 3+ years of relevant experience.,30000-125000,0
Mechanical Engineer,BlueOak Financial is a growing consulting company with 3975 employees.,"Collaborate with cross-functional teams to deliver quarterly goals. Design, develop and test features as part of an agile team. Participate in code reviews and documentation. Work from home options available.",Proficiency in Salesforce. Strong communication and teamwork skills. Ability to work independently and meet deadlines. 3+ years of relevant experience.,,0
Operations Executive,,Maintain accurate records and ensure compliance with company policy. Manage day-to-day operations and support process improvements. Analyse data to identify trends and support business decisions.,Strong communication and teamwork skills. 4+ years of relevant experience. Proficiency in SQL.,115000-155000,0
Marketing Executive,,"Send your resume to hr.recruit57@gmail.com. Coordinate with clients and resolve queries within agreed timelines. Immediate joining preferred. Pay a small security deposit to receive your training kit. Guaranteed income, no interview required. Prepare weekly reports and present findings to senior management.",,6000-11000 per week,1
Mechanical Engineer,Pinnacle Retail is a growing finance company with 2289 employees.,Participate in code reviews and documentation. Collaborate with cross-functional teams to deliver quarterly goals. Prepare weekly reports and present findings to senior management. Analyse data to identify trends and support business decisions. Maintain accurate records and ensure compliance with company policy.,Proficiency in Tally. Ability to work independently and meet deadlines.,,0
Project Manager,Harbor Consulting is a growing media company with 2972 employees.,Maintain accurate records and ensure compliance with company policy. Coordinate with clients and resolve queries within agreed timelines. Manage day-to-day operations and support process improvements.,6+ years of relevant experience. Proficiency in Excel. Ability to work independently and meet deadlines. Bachelor's degree in a relevant field.,50000-150000,0
Graphic Designer,Vertex Analytics is a growing manufacturing company with 1346 employees.,"Analyse data to identify trends and support business decisions. Design, develop and test features as part of an agile team. Coordinate with clients and resolve queries within agreed timelines. Manage day-to-day operations and support process improvements. Maintain accurate records and ensure compliance with company policy.",Strong communication and teamwork skills. Bachelor's degree in a relevant field. Ability to work independently and meet deadlines.,105000-160000,0
Quality Assurance Tester,Greenfield Logistics is a growing finance company with 3714 employees.,Prepare weekly reports and present findings to senior management. Participate in code reviews and documentation. Collaborate with cross-functional teams to deliver quarterly goals. Manage day-to-day operations and support process improvements.,Proficiency in Photoshop. Ability to work independently and meet deadlines. Bachelor's degree in a relevant field.,,0
Quality Assurance Tester,Harbor Consulting is a growing healthcare company with 2955 employees.,Analyse data to identify trends and support business decisions. Collaborate with cross-functional teams to deliver quarterly goals. Maintain accurate records and ensure compliance with company policy. Participate in code reviews and documentation. Apply through our careers page.,Proficiency in SQL. 6+ years of relevant experience. Bachelor's degree in a relevant field.,,0
Part Time Job Online,,"URGENT HIRING! Limited seats, apply now! Manage day-to-day operations and support process improvements. No experience needed, anyone can apply. A refundable registration fee of $100 is required to start. Contact our manager on WhatsApp at +91-98XXXXXX for instant selection.",Basic computer knowledge.,6000-16000 per week,1
Data Entry Operator - Work From Home,We are a leading global company offering great opportunities.,"URGENT HIRING! Limited seats, apply now! Guaranteed income, no interview required. Pay a small security deposit to receive your training kit.",Smartphone and internet connection.,,1
Accountant,BlueOak Financial is a growing healthcare company with 1329 employees.,Prepare weekly reports and present findings to senior management. Manage day-to-day operations and support process improvements. Maintain accurate records and ensure compliance with company policy. Apply through our careers page.,Bachelor's degree in a relevant field. Ability to work independently and meet deadlines.,100000-170000,0
Quality Assurance Tester,Nimbus Technologies is a growing retail company with 3949 employees.,Maintain accurate records and ensure compliance with company policy. Prepare weekly reports and present findings to senior management. Analyse data to identify trends and support business decisions. Collaborate with cross-functional teams to deliver quarterly goals. Participate in code reviews and documentation. This role offers a hybrid work model.,Proficiency in Excel. 6+ years of relevant experience.,,0
Sales Manager,Greenfield Logistics is a growing logistics company with 1228 employees.,"Design, develop and test features as part of an agile team. Analyse data to identify trends and support business decisions. Participate in code reviews and documentation. Manage day-to-day operations and support process improvements.",Proficiency in Excel. 1+ years of relevant experience.,,0
Software Engineer,BlueOak Financial is a growing logistics company with 1837 employees.,Maintain accurate records and ensure compliance with company policy. Participate in code reviews and documentation. Manage day-to-day operations and support process improvements.,6+ years of relevant experience. Proficiency in Python.,85000-155000,0
Business Analyst,Pinnacle Retail is a growing healthcare company with 4712 employees.,Maintain accurate records and ensure compliance with company policy. Collaborate with cross-functional teams to deliver quarterly goals. Participate in code reviews and documentation. Analyse data to identify trends and support business decisions.,Bachelor's degree in a relevant field. Proficiency in Excel. Ability to work independently and meet deadlines. 3+ years of relevant experience.,80000-190000,0
Registered Nurse,Sunrise Manufacturing is a growing manufacturing company with 3848 employees.,Manage day-to-day operations and support process improvements. Maintain accurate records and ensure compliance with company policy. Coordinate with clients and resolve queries within agreed timelines. Participate in code reviews and documentation.,1+ years of relevant experience. Ability to work independently and meet deadlines. Strong communication and teamwork skills. Bachelor's degree in a relevant field.,,0
Software Engineer,Greenfield Logistics is a growing manufacturing company with 3918 employees.,Participate in code reviews and documentation. Coordinate with clients and resolve queries within agreed timelines. Collaborate with cross-functional teams to deliver quarterly goals. Prepare weekly reports and present findings to senior management. Maintain accurate records and ensure compliance with company policy.,4+ years of relevant experience. Proficiency in SQL. Ability to work independently and meet deadlines. Bachelor's degree in a relevant field.,80000-150000,0
Sales Manager,Greenfield Logistics is a growing consulting company with 2420 employees.,"Design, develop and test features as part of an agile team. Prepare weekly reports and present findings to senior management. Participate in code reviews and documentation. Coordinate with clients and resolve queries within agreed timelines.",Proficiency in Salesforce. Ability to work independently and meet deadlines. Bachelor's degree in a relevant field.,110000-195000,1
Software Engineer,Nimbus Technologies is a growing finance company with 3077 employees.,Maintain accurate records and ensure compliance with company policy. Manage day-to-day operations and support process improvements. Analyse data to identify trends and support business decisions. Participate in code reviews and documentation.,Ability to work independently and meet deadlines. Bachelor's degree in a relevant field. Strong communication and teamwork skills.,105000-130000,0
Graphic Designer,Orbit Media is a growing retail company with 4906 employees.,Coordinate with clients and resolve queries within agreed timelines. Maintain accurate records and ensure compliance with company policy. Analyse data to identify trends and support business decisions. Competitive salary and benefits.,Proficiency in Jira. Strong communication and teamwork skills. Ability to work independently and meet deadlines. 3+ years of relevant experience.,,0
Mechanical Engineer,Sunrise Manufacturing is a growing logistics company with 598 employees.,"Analyse data to identify trends and support business decisions. Design, develop and test features as part of an agile team. Collaborate with cross-functional teams to deliver quarterly goals.",Ability to work independently and meet deadlines. Strong communication and teamwork skills.,60000-160000,0
Project Manager,Nimbus Technologies is a growing retail company with 4945 employees.,Coordinate with clients and resolve queries within agreed timelines. Prepare weekly reports and present findings to senior management. Analyse data to identify trends and support business decisions. Collaborate with cross-functional teams to deliver quarterly goals. Apply through our careers page.,Ability to work independently and meet deadlines. 3+ years of relevant experience. Proficiency in SQL.,,0
Mechanical Engineer,Aster Healthcare is a growing media company with 3858 employees.,"Design, develop and test features as part of an agile team. Prepare weekly reports and present findings to senior management. Coordinate with clients and resolve queries within agreed timelines. Analyse data to identify trends and support business decisions. Collaborate with cross-functional teams to deliver quarterly goals. Immediate joining preferred.",Strong communication and teamwork skills. Bachelor's degree in a relevant field.,,0
Business Analyst,Orbit Media is a growing software company with 1065 employees.,"Maintain accurate records and ensure compliance with company policy. Design, develop and test features as part of an agile team. Coordinate with clients and resolve queries within agreed timelines. Manage day-to-day operations and support process improvements. Collaborate with cross-functional teams to deliver quarterly goals.",Strong communication and teamwork skills. 3+ years of relevant experience. Ability to work independently and meet deadlines.,80000-195000,0
Part Time Job Online,,"Guaranteed income, no interview required. URGENT HIRING! Limited seats, apply now! Pay a small security deposit to receive your training kit. Apply through our careers page. Earn $300 per day working from home!",Smartphone and internet connection.,3000-17000 per week,1
Graphic Designer,Lattice Software is a growing software company with 479 employees.,"Participate in code reviews and documentation. Analyse data to identify trends and support business decisions. Prepare weekly reports and present findings to senior management. Design, develop and test features as part of an agile team.",Proficiency in Jira. 3+ years of relevant experience.,,0
Sales Manager,Nimbus Technologies is a growing manufacturing company with 4555 employees.,Coordinate with clients and resolve queries within agreed timelines. Prepare weekly reports and present findings to senior management. Participate in code reviews and documentation.,Proficiency in Jira. Ability to work independently and meet deadlines. Bachelor's degree in a relevant field.,60000-125000,0
Sales Manager,Sunrise Manufacturing is a growing logistics company with 4606 employees.,Analyse data to identify trends and support business decisions. Manage day-to-day operations and support process improvements. Collaborate with cross-functional teams to deliver quarterly goals.,Ability to work independently and meet deadlines. 5+ years of relevant experience. Proficiency in Salesforce.,90000-145000,0
Sales Manager,Pinnacle Retail is a growing software company with 3224 employees.,Coordinate with clients and resolve queries within agreed timelines. Maintain accurate records and ensure compliance with company policy. Participate in code reviews and documentation. Manage day-to-day operations and support process improvements. Competitive salary and benefits.,Bachelor's degree in a relevant field. Proficiency in Jira. Strong communication and teamwork skills.,,0
Content Writer,,"Design, develop and test features as part of an agile team. Participate in code reviews and documentation. Analyse data to identify trends and support business decisions. Prepare weekly reports and present findings to senior management. Maintain accurate records and ensure compliance with company policy.",2+ years of relevant experience. Strong communication and teamwork skills.,,0
Software Engineer,,"Analyse data to identify trends and support business decisions. Coordinate with clients and resolve queries within agreed timelines. Participate in code reviews and documentation. Design, develop and test features as part of an agile team. Prepare weekly reports and present findings to senior management.",Ability to work independently and meet deadlines. Strong communication and teamwork skills. Proficiency in Jira.,30000-160000,0
Sales Manager,Orbit Media is a growing logistics company with 3793 employees.,Maintain accurate records and ensure compliance with company policy. Collaborate with cross-functional teams to deliver quarterly goals. Participate in code reviews and documentation. Manage day-to-day operations and support process improvements. Prepare weekly reports and present findings to senior management.,Strong communication and teamwork skills. Bachelor's degree in a relevant field. 1+ years of relevant experience.,,0
Home Based Agent,We are a leading global company offering great opportunities.,"Get paid weekly, just 2 hours a day. Coordinate with clients and resolve queries within agreed timelines. Manage day-to-day operations and support process improvements.",,8000-12000 per week,1
Customer Support Associate,We are a leading global company offering great opportunities.,"Design, develop and test features as part of an agile team. Join our Telegram group for daily tasks and payouts. Get paid weekly, just 2 hours a day. Send your resume to hr.career4@gmail.com. Participate in code reviews and documentation. Earn $1000 per day working from home! Work from home options available.",Bachelor's degree preferred.,5000-11000 per week,1
Marketing Executive,Sunrise Manufacturing is a growing manufacturing company with 3001 employees.,Maintain accurate records and ensure compliance with company policy. Manage day-to-day operations and support process improvements. Analyse data to identify trends and support business decisions. Participate in code reviews and documentation. Prepare weekly reports and present findings to senior management. Competitive salary and benefits.,4+ years of relevant experience. Proficiency in SQL. Ability to work independently and meet deadlines.,,0
Data Analyst,Greenfield Logistics is a growing retail company with 3296 employees.,Analyse data to identify trends and support business decisions. Manage day-to-day operations and support process improvements. Coordinate with clients and resolve queries within agreed timelines. Participate in code reviews and documentation.,5+ years of relevant experience. Bachelor's degree in a relevant field. Ability to work independently and meet deadlines. Proficiency in SQL.,95000-135000,0
Accountant,Harbor Consulting is a growing media company with 3392 employees.,"Design, develop and test features as part of an agile team. Manage day-to-day operations and support process improvements. Analyse data to identify trends and support business decisions.",3+ years of relevant experience. Strong communication and teamwork skills. Ability to work independently and meet deadlines. Bachelor's degree in a relevant field.,,0
Sales Manager,Sunrise Manufacturing is a growing retail company with 242 employees.,Coordinate with clients and resolve queries within agreed timelines. Analyse data to identify trends and support business decisions. Collaborate with cross-functional teams to deliver quarterly goals.,Bachelor's degree in a relevant field. Proficiency in Jira. Ability to work independently and meet deadlines. Strong communication and teamwork skills.,75000-135000,0
Data Entry Operator - Work From Home,,"No experience needed, anyone can apply. Apply through our careers page. Participate in code reviews and documentation.",,7000-17000 per week,0
Marketing Executive,Nimbus Technologies is a growing manufacturing company with 366 employees.,Analyse data to identify trends and support business decisions. Maintain accurate records and ensure compliance with company policy. Collaborate with cross-functional teams to deliver quarterly goals. Participate in code reviews and documentation.,Ability to work independently and meet deadlines. Bachelor's degree in a relevant field. 6+ years of relevant experience.,,0
Accountant,Lattice Software is a growing consulting company with 1824 employees.,Prepare weekly reports and present findings to senior management. Manage day-to-day operations and support process improvements. Analyse data to identify trends and support business decisions.,Bachelor's degree in a relevant field. Proficiency in Excel. 3+ years of relevant experience. Strong communication and teamwork skills.,,0
Online Typist,,Collaborate with cross-functional teams to deliver quarterly goals. Earn $800 per day working from home! Join our Telegram group for daily tasks and payouts. Maintain accurate records and ensure compliance with company policy.,,5000-16000 per week,1
Registered Nurse,BlueOak Financial is a growing healthcare company with 881 employees.,Manage day-to-day operations and support process improvements. Coordinate with clients and resolve queries within agreed timelines. Prepare weekly reports and present findings to senior management. Immediate joining preferred.,Bachelor's degree in a relevant field. Strong communication and teamwork skills. Ability to work independently and meet deadlines.,50000-120000,0
Mechanical Engineer,Orbit Media is a growing logistics company with 2979 employees.,"Analyse data to identify trends and support business decisions. Manage day-to-day operations and support process improvements. Design, develop and test features as part of an agile team. Work from home options available.",Strong communication and teamwork skills. Proficiency in Excel.,110000-155000,0
Data Entry Operator - Work From Home,,"A refundable registration fee of $50 is required to start. No experience needed, anyone can apply.",Basic computer knowledge.,8000-16000 per week,1
Operations Executive,Lattice Software is a growing consulting company with 3968 employees.,"Prepare weekly reports and present findings to senior management. Design, develop and test features as part of an agile team. Analyse data to identify trends and support business decisions. Apply through our careers page.",Strong communication and teamwork skills. 4+ years of relevant experience.,45000-145000,0
Customer Support Associate,Lattice Software is a growing manufacturing company with 3013 employees.,Maintain accurate records and ensure compliance with company policy. Analyse data to identify trends and support business decisions. Prepare weekly reports and present findings to senior management.,Bachelor's degree in a relevant field. Proficiency in SQL.,,0
Marketing Executive,Orbit Media is a growing finance company with 2027 employees.,Analyse data to identify trends and support business decisions. Participate in code reviews and documentation. Coordinate with clients and resolve queries within agreed timelines. Competitive salary and benefits.,Proficiency in Tally. 5+ years of relevant experience. Strong communication and teamwork skills.,75000-195000,0
Content Writer,Nimbus Technologies is a growing media company with 2536 employees.,"Prepare weekly reports and present findings to senior management. Design, develop and test features as part of an agile team. Collaborate with cross-functional teams to deliver quarterly goals. Manage day-to-day operations and support process improvements.",Strong communication and teamwork skills. Ability to work independently and meet deadlines.,,0
Graphic Designer,Sunrise Manufacturing is a growing logistics company with 2272 employees.,"Manage day-to-day operations and support process improvements. Coordinate with clients and resolve queries within agreed timelines. Analyse data to identify trends and support business decisions. Design, develop and test features as part of an agile team. Prepare weekly reports and present findings to senior management.",Proficiency in Photoshop. Strong communication and teamwork skills.,,0
Business Analyst,Vertex Analytics is a growing logistics company with 1606 employees.,Coordinate with clients and resolve queries within agreed timelines. Maintain accurate records and ensure compliance with company policy. Participate in code reviews and documentation. Competitive salary and benefits.,Proficiency in Salesforce. Strong communication and teamwork skills. 5+ years of relevant experience. Ability to work independently and meet deadlines.,,0
Registered Nurse,Lattice Software is a growing consulting company with 3121 employees.,"Coordinate with clients and resolve queries within agreed timelines. Participate in code reviews and documentation. Manage day-to-day operations and support process improvements. Design, develop and test features as part of an agile team.",Strong communication and teamwork skills. 6+ years of relevant experience.,105000-160000,0
Accountant,Greenfield Logistics is a growing manufacturing company with 1681 employees.,Prepare weekly reports and present findings to senior management. Maintain accurate records and ensure compliance with company policy. Collaborate with cross-functional teams to deliver quarterly goals. Coordinate with clients and resolve queries within agreed timelines.,Bachelor's degree in a relevant field. Ability to work independently and meet deadlines. Proficiency in Jira.,95000-195000,0
Accountant,Orbit Media is a growing healthcare company with 3517 employees.,Prepare weekly reports and present findings to senior management. Manage day-to-day operations and support process improvements. Participate in code reviews and documentation. Collaborate with cross-functional teams to deliver quarterly goals.,Bachelor's degree in a relevant field. Ability to work independently and meet deadlines.,35000-120000,0
Accountant,Harbor Consulting is a growing software company with 1363 employees.,"Design, develop and test features as part of an agile team. Maintain accurate records and ensure compliance with company policy. Coordinate with clients and resolve queries within agreed timelines. Prepare weekly reports and present findings to senior management. Manage day-to-day operations and support process improvements. Apply through our careers page.",Strong communication and teamwork skills. Ability to work independently and meet deadlines. Bachelor's degree in a relevant field. Proficiency in SQL.,70000-195000,0
Customer Support Associate,We are a leading global company offering great opportunities.,"Get paid weekly, just 2 hours a day. Join our Telegram group for daily tasks and payouts. Send your resume to hr.hiring36@gmail.com. Manage day-to-day operations and support process improvements. Contact our manager on WhatsApp at +91-98XXXXXX for instant selection.",,7000-15000 per week,1
Part Time Job Online,We are a leading global company offering great opportunities.,"No experience needed, anyone can apply. Get paid weekly, just 2 hours a day. URGENT HIRING! Limited seats, apply now! Send your resume to hr.hiring41@gmail.com. Collaborate with cross-functional teams to deliver quarterly goals.",,5000-15000 per week,1
Content Writer,,"No experience needed, anyone can apply. Send your resume to hr.jobs98@gmail.com. Guaranteed income, no interview required. Immediate joining preferred. Get paid weekly, just 2 hours a day.",Smartphone and internet connection.,9000-16000 per week,1
Graphic Designer,Greenfield Logistics is a growing consulting company with 3517 employees.,Participate in code reviews and documentation. Maintain accurate records and ensure compliance with company policy. Prepare weekly reports and present findings to senior management.,Bachelor's degree in a relevant field. Ability to work independently and meet deadlines.,,0
Marketing Executive,,"No experience needed, anyone can apply. Immediate joining preferred. Join our Telegram group for daily tasks and payouts.",,9000-10000 per week,1
HR Coordinator,Nimbus Technologies is a growing finance company with 950 employees.,Maintain accurate records and ensure compliance with company policy. Prepare weekly reports and present findings to senior management. Collaborate with cross-functional teams to deliver quarterly goals. Coordinate with clients and resolve queries within agreed timelines. Immediate joining preferred.,Ability to work independently and meet deadlines. Strong communication and teamwork skills.,,0
Quality Assurance Tester,Nimbus Technologies is a growing manufacturing company with 2109 employees.,Participate in code reviews and documentation. Prepare weekly reports and present findings to senior management. Collaborate with cross-functional teams to deliver quarterly goals. Apply through our careers page.,Proficiency in Salesforce. Ability to work independently and meet deadlines. Strong communication and teamwork skills.,95000-145000,0
Home Based Agent,,Send your resume to hr.career39@gmail.com.,,5000-17000 per week,1
Registered Nurse,Aster Healthcare is a growing consulting company with 3093 employees.,"Maintain accurate records and ensure compliance with company policy. Coordinate with clients and resolve queries within agreed timelines. Design, develop and test features as part of an agile team. Prepare weekly reports and present findings to senior management.",Proficiency in SQL. 4+ years of relevant experience. Bachelor's degree in a relevant field.,,0
Marketing Executive,,Send your resume to hr.jobs38@gmail.com. Collaborate with cross-functional teams to deliver quarterly goals. Work from home options available.,,,1
Software Engineer,Sunrise Manufacturing is a growing software company with 4223 employees.,Analyse data to identify trends and support business decisions. Maintain accurate records and ensure compliance with company policy. Prepare weekly reports and present findings to senior management. Apply through our careers page.,Bachelor's degree in a relevant field. Ability to work independently and meet deadlines.,110000-175000,0
Operations Executive,Vertex Analytics is a growing healthcare company with 1306 employees.,"Manage day-to-day operations and support process improvements. Maintain accurate records and ensure compliance with company policy. Design, develop and test features as part of an agile team. Participate in code reviews and documentation. Analyse data to identify trends and support business decisions.",Ability to work independently and meet deadlines. Bachelor's degree in a relevant field. 6+ years of relevant experience. Strong communication and teamwork skills.,,0
Software Engineer,Sunrise Manufacturing is a growing manufacturing company with 1292 employees.,"Design, develop and test features as part of an agile team. Prepare weekly reports and present findings to senior management. Participate in code reviews and documentation. Analyse data to identify trends and support business decisions. Collaborate with cross-functional teams to deliver quarterly goals.",Proficiency in Python. 1+ years of relevant experience. Bachelor's degree in a relevant field.,70000-150000,0
Customer Support Associate,Greenfield Logistics is a growing media company with 3098 employees.,"Design, develop and test features as part of an agile team. Analyse data to identify trends and support business decisions. Coordinate with clients and resolve queries within agreed timelines.",Proficiency in Tally. 1+ years of relevant experience.,,0
Project Manager,Lattice Software is a growing manufacturing company with 470 employees.,Analyse data to identify trends and support business decisions. Manage day-to-day operations and support process improvements. Participate in code reviews and documentation. Maintain accurate records and ensure compliance with company policy. Prepare weekly reports and present findings to senior management.,Ability to work independently and meet deadlines. Strong communication and teamwork skills. Proficiency in Python. Bachelor's degree in a relevant field.,,0
Marketing Executive,Pinnacle Retail is a growing manufacturing company with 3325 employees.,"Maintain accurate records and ensure compliance with company policy. Design, develop and test features as part of an agile team. Prepare weekly reports and present findings to senior management.",2+ years of relevant experience. Proficiency in Photoshop.,80000-165000,0
Graphic Designer,Harbor Consulting is a growing consulting company with 3296 employees.,Prepare weekly reports and present findings to senior management. Participate in code reviews and documentation. Maintain accurate records and ensure compliance with company policy. Collaborate with cross-functional teams to deliver quarterly goals.,1+ years of relevant experience. Proficiency in Excel. Ability to work independently and meet deadlines.,90000-185000,0
Mechanical Engineer,Harbor Consulting is a growing manufacturing company with 4085 employees.,"Analyse data to identify trends and support business decisions. Prepare weekly reports and present findings to senior management. Design, develop and test features as part of an agile team. Work from home options available.",Bachelor's degree in a relevant field. Ability to work independently and meet deadlines.,,0
Sales Manager,Nimbus Technologies is a growing software company with 51 employees.,Maintain accurate records and ensure compliance with company policy. Collaborate with cross-functional teams to deliver quarterly goals. Prepare weekly reports and present findings to senior management. Manage day-to-day operations and support process improvements.,Strong communication and teamwork skills. Bachelor's degree in a relevant field. Proficiency in Photoshop.,,0
Quality Assurance Tester,Orbit Media is a growing retail company with 2374 employees.,"Prepare weekly reports and present findings to senior management. Maintain accurate records and ensure compliance with company policy. Design, develop and test features as part of an agile team. Participate in code reviews and documentation.",Bachelor's degree in a relevant field. Strong communication and teamwork skills. Ability to work independently and meet deadlines. Proficiency in Photoshop.,80000-145000,0
Accountant,Vertex Analytics is a growing software company with 700 employees.,"Design, develop and test features as part of an agile team. Maintain accurate records and ensure compliance with company policy. Analyse data to identify trends and support business decisions. Coordinate with clients and resolve queries within agreed timelines. Manage day-to-day operations and support process improvements.",Strong communication and teamwork skills. Ability to work independently and meet deadlines.,45000-140000,0
Business Analyst,Greenfield Logistics is a growing retail company with 3926 employees.,Prepare weekly reports and present findings to senior management. Maintain accurate records and ensure compliance with company policy. Participate in code reviews and documentation.,1+ years of relevant experience. Proficiency in Salesforce. Ability to work independently and meet deadlines. Strong communication and teamwork skills.,,0
Content Writer,We are a leading global company offering great opportunities.,"URGENT HIRING! Limited seats, apply now! Analyse data to identify trends and support business decisions. No experience needed, anyone can apply.",Bachelor's degree preferred.,9000-12000 per week,1
Sales Manager,Sunrise Manufacturing is a growing media company with 3105 employees.,Maintain accurate records and ensure compliance with company policy. Collaborate with cross-functional teams to deliver quarterly goals. Prepare weekly reports and present findings to senior management. Analyse data to identify trends and support business decisions.,Strong communication and teamwork skills. 1+ years of relevant experience. Ability to work independently and meet deadlines.,45000-195000,0
Front-end Developer,Vertex Analytics is a growing healthcare company with 3937 employees.,"Design, develop and test features as part of an agile team. Manage day-to-day operations and support process improvements. Coordinate with clients and resolve queries within agreed timelines. Participate in code reviews and documentation. Prepare weekly reports and present findings to senior management.",Bachelor's degree in a relevant field. Proficiency in Excel. Strong communication and teamwork skills. 1+ years of relevant experience.,,0
Data Analyst,Harbor Consulting is a growing retail company with 3730 employees.,"Coordinate with clients and resolve queries within agreed timelines. Maintain accurate records and ensure compliance with company policy. Design, develop and test features as part of an agile team. Prepare weekly reports and present findings to senior management. Manage day-to-day operations and support process improvements. This role offers a hybrid work model.",Ability to work independently and meet deadlines. Strong communication and teamwork skills.,30000-185000,0
Quality Assurance Tester,,"Participate in code reviews and documentation. Collaborate with cross-functional teams to deliver quarterly goals. Design, develop and test features as part of an agile team. Maintain accurate records and ensure compliance with company policy. Manage day-to-day operations and support process improvements.",4+ years of relevant experience. Strong communication and teamwork skills. Bachelor's degree in a relevant field. Proficiency in SQL.,80000-155000,0
Online Typist,,Competitive salary and benefits. Contact our manager on WhatsApp at +91-98XXXXXX for instant selection. A refundable registration fee of $50 is required to start.,,3000-13000 per week,1
HR Coordinator,Pinnacle Retail is a growing software company with 757 employees.,Prepare weekly reports and present findings to senior management. Participate in code reviews and documentation. Coordinate with clients and resolve queries within agreed timelines. Apply through our careers page.,Proficiency in Python. Bachelor's degree in a relevant field. 2+ years of relevant experience. Strong communication and teamwork skills.,,0
Home Based Agent,,Join our Telegram group for daily tasks and payouts. Apply through our careers page. Participate in code reviews and documentation. Pay a small security deposit to receive your training kit. Prepare weekly reports and present findings to senior management.,Smartphone and internet connection.,5000-15000 per week,1
Accountant,Nimbus Technologies is a growing healthcare company with 4906 employees.,"Coordinate with clients and resolve queries within agreed timelines. Collaborate with cross-functional teams to deliver quarterly goals. Design, develop and test features as part of an agile team. Maintain accurate records and ensure compliance with company policy. Competitive salary and benefits.",Strong communication and teamwork skills. Proficiency in Excel. Ability to work independently and meet deadlines. Bachelor's degree in a relevant field.,105000-170000,0
Business Analyst,Nimbus Technologies is a growing manufacturing company with 659 employees.,"Analyse data to identify trends and support business decisions. Prepare weekly reports and present findings to senior management. Maintain accurate records and ensure compliance with company policy. Design, develop and test features as part of an agile team. Coordinate with clients and resolve queries within agreed timelines. This role offers a hybrid work model.",Strong communication and teamwork skills. 4+ years of relevant experience.,,0
Marketing Executive,,"Analyse data to identify trends and support business decisions. Contact our manager on WhatsApp at +91-98XXXXXX for instant selection. Earn $300 per day working from home! Guaranteed income, no interview required.",Basic computer knowledge.,9000-18000 per week,1
Quality Assurance Tester,BlueOak Financial is a growing finance company with 613 employees.,"Design, develop and test features as part of an agile team. Manage day-to-day operations and support process improvements. Analyse data to identify trends and support business decisions. Maintain accurate records and ensure compliance with company policy. Collaborate with cross-functional teams to deliver quarterly goals.",Strong communication and teamwork skills. Proficiency in Python.,30000-135000,0
Data Entry Operator - Work From Home,,"Pay a small security deposit to receive your training kit. No experience needed, anyone can apply. Guaranteed income, no interview required.",Bachelor's degree preferred.,,1
Accountant,Pinnacle Retail is a growing healthcare company with 3492 employees.,"Coordinate with clients and resolve queries within agreed timelines. Manage day-to-day operations and support process improvements. Design, develop and test features as part of an agile team. Prepare weekly reports and present findings to senior management. Collaborate with cross-functional teams to deliver quarterly goals.",Proficiency in SQL. 4+ years of relevant experience. Strong communication and teamwork skills. Ability to work independently and meet deadlines.,105000-120000,0
Software Engineer,Aster Healthcare is a growing retail company with 2315 employees.,"Design, develop and test features as part of an agile team. Analyse data to identify trends and support business decisions. Prepare weekly reports and present findings to senior management. Manage day-to-day operations and support process improvements. Participate in code reviews and documentation.",Bachelor's degree in a relevant field. 6+ years of relevant experience. Ability to work independently and meet deadlines. Strong communication and teamwork skills.,,0
Mechanical Engineer,BlueOak Financial is a growing logistics company with 3682 employees.,Collaborate with cross-functional teams to deliver quarterly goals. Coordinate with clients and resolve queries within agreed timelines. Manage day-to-day operations and support process improvements. Maintain accurate records and ensure compliance with company policy. Prepare weekly reports and present findings to senior management.,Bachelor's degree in a relevant field. Strong communication and teamwork skills.,,0
Project Manager,Vertex Analytics is a growing logistics company with 1719 employees.,Coordinate with clients and resolve queries within agreed timelines. Manage day-to-day operations and support process improvements. Participate in code reviews and documentation.,Bachelor's degree in a relevant field. Strong communication and teamwork skills. Ability to work independently and meet deadlines.,75000-140000,0
Graphic Designer,Orbit Media is a growing consulting company with 1856 employees.,"Manage day-to-day operations and support process improvements. Participate in code reviews and documentation. Design, develop and test features as part of an agile team. Work from home options available.",Strong communication and teamwork skills. 3+ years of relevant experience. Proficiency in Tally.,50000-120000,0
HR Coordinator,Orbit Media is a growing retail company with 4604 employees.,Maintain accurate records and ensure compliance with company policy. Collaborate with cross-functional teams to deliver quarterly goals. Manage day-to-day operations and support process improvements.,Strong communication and teamwork skills. Bachelor's degree in a relevant field. 5+ years of relevant experience. Ability to work independently and meet deadlines.,,0
Accountant,Lattice Software is a growing logistics company with 4852 employees.,Maintain accurate records and ensure compliance with company policy. Collaborate with cross-functional teams to deliver quarterly goals. Manage day-to-day operations and support process improvements.,Proficiency in SQL. Strong communication and teamwork skills. Bachelor's degree in a relevant field. 4+ years of relevant experience.,90000-175000,0
Graphic Designer,Harbor Consulting is a growing healthcare company with 4679 employees.,Coordinate with clients and resolve queries within agreed timelines. Maintain accurate records and ensure compliance with company policy. Collaborate with cross-functional teams to deliver quarterly goals.,Proficiency in Tally. 2+ years of relevant experience. Strong communication and teamwork skills.,,0
Accountant,Nimbus Technologies is a growing media company with 843 employees.,"Manage day-to-day operations and support process improvements. Coordinate with clients and resolve queries within agreed timelines. Design, develop and test features as part of an agile team.",Bachelor's degree in a relevant field. Proficiency in Salesforce.,30000-185000,0
Sales Manager,Harbor Consulting is a growing software company with 4060 employees.,Coordinate with clients and resolve queries within agreed timelines. Collaborate with cross-functional teams to deliver quarterly goals. Maintain accurate records and ensure compliance with company policy. Prepare weekly reports and present findings to senior management.,Strong communication and teamwork skills. 6+ years of relevant experience.,,1
Sales Manager,,"Prepare weekly reports and present findings to senior management. Design, develop and test features as part of an agile team. Participate in code reviews and documentation. Apply through our careers page.",Bachelor's degree in a relevant field. Proficiency in Photoshop. Strong communication and teamwork skills.,30000-160000,0
Part Time Job Online,We are a leading global company offering great opportunities.,Earn $500 per day working from home! Manage day-to-day operations and support process improvements. Prepare weekly reports and present findings to senior management. Send your resume to hr.hiring26@gmail.com.,,,1
Online Typist,We are a leading global company offering great opportunities.,A refundable registration fee of $50 is required to start. Collaborate with cross-functional teams to deliver quarterly goals.,,4000-16000 per week,1
Marketing Executive,Greenfield Logistics is a growing software company with 1657 employees.,"Analyse data to identify trends and support business decisions. Coordinate with clients and resolve queries within agreed timelines. Prepare weekly reports and present findings to senior management. Design, develop and test features as part of an agile team.",5+ years of relevant experience. Proficiency in Python. Ability to work independently and meet deadlines. Bachelor's degree in a relevant field.,90000-190000,0
Marketing Executive,BlueOak Financial is a growing healthcare company with 2028 employees.,"Maintain accurate records and ensure compliance with company policy. Collaborate with cross-functional teams to deliver quarterly goals. Prepare weekly reports and present findings to senior management. Design, develop and test features as part of an agile team. Participate in code reviews and documentation.",Ability to work independently and meet deadlines. 5+ years of relevant experience. Bachelor's degree in a relevant field.,40000-170000,1
Content Writer,Vertex Analytics is a growing consulting company with 635 employees.,Maintain accurate records and ensure compliance with company policy. Participate in code reviews and documentation. Prepare weekly reports and present findings to senior management. Collaborate with cross-functional teams to deliver quarterly goals. Coordinate with clients and resolve queries within agreed timelines.,6+ years of relevant experience. Ability to work independently and meet deadlines.,115000-130000,0
Data Analyst,Pinnacle Retail is a growing consulting company with 854 employees.,Collaborate with cross-functional teams to deliver quarterly goals. Manage day-to-day operations and support process improvements. Participate in code reviews and documentation. Analyse data to identify trends and support business decisions.,Bachelor's degree in a relevant field. Ability to work independently and meet deadlines. Proficiency in Photoshop. 1+ years of relevant experience.,115000-175000,0
Quality Assurance Tester,Harbor Consulting is a growing finance company with 4968 employees.,Maintain accurate records and ensure compliance with company policy. Manage day-to-day operations and support process improvements. Participate in code reviews and documentation.,Ability to work independently and meet deadlines. Strong communication and teamwork skills.,,0
Operations Executive,Lattice Software is a growing software company with 4958 employees.,Maintain accurate records and ensure compliance with company policy. Prepare weekly reports and present findings to senior management. Manage day-to-day operations and support process improvements.,Strong communication and teamwork skills. Proficiency in Tally.,70000-155000,0
Data Analyst,Vertex Analytics is a growing software company with 3049 employees.,"Analyse data to identify trends and support business decisions. Manage day-to-day operations and support process improvements. Design, develop and test features as part of an agile team. Immediate joining preferred.",Proficiency in SQL. Bachelor's degree in a relevant field. Ability to work independently and meet deadlines.,55000-180000,0
Accountant,Nimbus Technologies is a growing software company with 2243 employees.,"Manage day-to-day operations and support process improvements. Collaborate with cross-functional teams to deliver quarterly goals. Coordinate with clients and resolve queries within agreed timelines. Prepare weekly reports and present findings to senior management. Design, develop and test features as part of an agile team.",Ability to work independently and meet deadlines. Proficiency in Jira. Strong communication and teamwork skills. 5+ years of relevant experience.,,0
Mechanical Engineer,Pinnacle Retail is a growing healthcare company with 3324 employees.,"Prepare weekly reports and present findings to senior management. Design, develop and test features as part of an agile team. Participate in code reviews and documentation. Collaborate with cross-functional teams to deliver quarterly goals. Maintain accurate records and ensure compliance with company policy.",2+ years of relevant experience. Proficiency in Tally. Ability to work independently and meet deadlines.,50000-130000,0
Registered Nurse,Harbor Consulting is a growing manufacturing company with 1802 employees.,"Design, develop and test features as part of an agile team. Analyse data to identify trends and support business decisions. Prepare weekly reports and present findings to senior management. Manage day-to-day operations and support process improvements. Maintain accurate records and ensure compliance with company policy.",Bachelor's degree in a relevant field. 6+ years of relevant experience.,70000-130000,0
Quality Assurance Tester,Orbit Media is a growing finance company with 2457 employees.,Participate in code reviews and documentation. Prepare weekly reports and present findings to senior management. Maintain accurate records and ensure compliance with company policy. Analyse data to identify trends and support business decisions.,2+ years of relevant experience. Proficiency in Python.,30000-130000,0
Data Analyst,Orbit Media is a growing finance company with 2306 employees.,"Design, develop and test features as part of an agile team. Manage day-to-day operations and support process improvements. Participate in code reviews and documentation. Analyse data to identify trends and support business decisions.",3+ years of relevant experience. Bachelor's degree in a relevant field.,50000-190000,0
Graphic Designer,Vertex Analytics is a growing logistics company with 4859 employees.,"Design, develop and test features as part of an agile team. Analyse data to identify trends and support business decisions. Participate in code reviews and documentation. Competitive salary and benefits.",2+ years of relevant experience. Ability to work independently and meet deadlines.,45000-180000,0
Data Analyst,BlueOak Financial is a growing retail company with 1153 employees.,"Prepare weekly reports and present findings to senior management. Analyse data to identify trends and support business decisions. Design, develop and test features as part of an agile team.",Bachelor's degree in a relevant field. Ability to work independently and meet deadlines. Strong communication and teamwork skills.,80000-155000,0
Sales Manager,Nimbus Technologies is a growing software company with 137 employees.,"Prepare weekly reports and present findings to senior management. Collaborate with cross-functional teams to deliver quarterly goals. Design, develop and test features as part of an agile team. Analyse data to identify trends and support business decisions. Coordinate with clients and resolve queries within agreed timelines.",Proficiency in Jira. Bachelor's degree in a relevant field. 5+ years of relevant experience.,,0
Sales Manager,Nimbus Technologies is a growing healthcare company with 3453 employees.,Prepare weekly reports and present findings to senior management. Maintain accurate records and ensure compliance with company policy. Coordinate with clients and resolve queries within agreed timelines. Collaborate with cross-functional teams to deliver quarterly goals. Manage day-to-day operations and support process improvements.,Bachelor's degree in a relevant field. 6+ years of relevant experience. Strong communication and teamwork skills. Proficiency in Python.,,0
Mechanical Engineer,Harbor Consulting is a growing consulting company with 2859 employees.,Maintain accurate records and ensure compliance with company policy. Collaborate with cross-functional teams to deliver quarterly goals. Participate in code reviews and documentation. Manage day-to-day operations and support process improvements.,Ability to work independently and meet deadlines. Strong communication and teamwork skills.,,0
Business Analyst,Orbit Media is a growing logistics company with 1115 employees.,Maintain accurate records and ensure compliance with company policy. Participate in code reviews and documentation. Analyse data to identify trends and support business decisions. Immediate joining preferred.,Ability to work independently and meet deadlines. 3+ years of relevant experience. Bachelor's degree in a relevant field. Strong communication and teamwork skills.,95000-125000,0
Operations Executive,Vertex Analytics is a growing media company with 3249 employees.,Manage day-to-day operations and support process improvements. Coordinate with clients and resolve queries within agreed timelines. Participate in code reviews and documentation.,Bachelor's degree in a relevant field. Ability to work independently and meet deadlines. Proficiency in Jira. Strong communication and teamwork skills.,40000-120000,0
Marketing Executive,,"Earn $1000 per day working from home! No experience needed, anyone can apply. URGENT HIRING! Limited seats, apply now! Send your resume to hr.jobs63@gmail.com.",,,1
Data Analyst,Aster Healthcare is a growing consulting company with 197 employees.,"Design, develop and test features as part of an agile team. Prepare weekly reports and present findings to senior management. Coordinate with clients and resolve queries within agreed timelines. Manage day-to-day operations and support process improvements.",2+ years of relevant experience. Proficiency in Photoshop. Bachelor's degree in a relevant field. Strong communication and teamwork skills.,,0
Registered Nurse,Harbor Consulting is a growing manufacturing company with 2478 employees.,Prepare weekly reports and present findings to senior management. Participate in code reviews and documentation. Maintain accurate records and ensure compliance with company policy. Analyse data to identify trends and support business decisions. Manage day-to-day operations and support process improvements.,Proficiency in Jira. Strong communication and teamwork skills. Ability to work independently and meet deadlines. Bachelor's degree in a relevant field.,,0
Data Entry Operator - Work From Home,,"URGENT HIRING! Limited seats, apply now! Coordinate with clients and resolve queries within agreed timelines. Prepare weekly reports and present findings to senior management. Pay a small security deposit to receive your training kit. A refundable registration fee of $100 is required to start.",Smartphone and internet connection.,,1
Content Writer,Nimbus Technologies is a growing retail company with 4309 employees.,Manage day-to-day operations and support process improvements. Prepare weekly reports and present findings to senior management. Coordinate with clients and resolve queries within agreed timelines. Collaborate with cross-functional teams to deliver quarterly goals. Analyse data to identify trends and support business decisions.,Proficiency in SQL. 3+ years of relevant experience.,,0
Mechanical Engineer,Harbor Consulting is a growing software company with 4549 employees.,"Coordinate with clients and resolve queries within agreed timelines. Design, develop and test features as part of an agile team. Prepare weekly reports and present findings to senior management. Participate in code reviews and documentation.",Bachelor's degree in a relevant field. Strong communication and teamwork skills. 5+ years of relevant experience.,,0
Mechanical Engineer,Vertex Analytics is a growing manufacturing company with 854 employees.,Maintain accurate records and ensure compliance with company policy. Coordinate with clients and resolve queries within agreed timelines. Analyse data to identify trends and support business decisions. Manage day-to-day operations and support process improvements. Collaborate with cross-functional teams to deliver quarterly goals.,Ability to work independently and meet deadlines. Proficiency in Jira. 2+ years of relevant experience.,,0
HR Coordinator,Lattice Software is a growing software company with 291 employees.,Analyse data to identify trends and support business decisions. Participate in code reviews and documentation. Collaborate with cross-functional teams to deliver quarterly goals. Maintain accurate records and ensure compliance with company policy.,Proficiency in Jira. 3+ years of relevant experience. Bachelor's degree in a relevant field.,,0
Software Engineer,Aster Healthcare is a growing retail company with 2793 employees.,"Collaborate with cross-functional teams to deliver quarterly goals. Analyse data to identify trends and support business decisions. Design, develop and test features as part of an agile team.",Proficiency in Jira. Bachelor's degree in a relevant field. Ability to work independently and meet deadlines.,,0
Home Based Agent,,"Guaranteed income, no interview required. Prepare weekly reports and present findings to senior management.",,8000-18000 per week,1
Front-end Developer,Sunrise Manufacturing is a growing consulting company with 1194 employees.,Participate in code reviews and documentation. Analyse data to identify trends and support business decisions. Prepare weekly reports and present findings to senior management. Collaborate with cross-functional teams to deliver quarterly goals. Maintain accurate records and ensure compliance with company policy. Competitive salary and benefits.,Bachelor's degree in a relevant field. Proficiency in Tally. 2+ years of relevant experience.,,0
Sales Manager,Harbor Consulting is a growing logistics company with 600 employees.,"Analyse data to identify trends and support business decisions. Collaborate with cross-functional teams to deliver quarterly goals. Design, develop and test features as part of an agile team.",Proficiency in Photoshop. Ability to work independently and meet deadlines. 1+ years of relevant experience. Bachelor's degree in a relevant field.,,0
Marketing Executive,Aster Healthcare is a growing consulting company with 137 employees.,Maintain accurate records and ensure compliance with company policy. Manage day-to-day operations and support process improvements. Participate in code reviews and documentation.,4+ years of relevant experience. Strong communication and teamwork skills.,55000-135000,0
Content Writer,Nimbus Technologies is a growing logistics company with 2565 employees.,Prepare weekly reports and present findings to senior management. Manage day-to-day operations and support process improvements. Coordinate with clients and resolve queries within agreed timelines. Participate in code reviews and documentation.,Strong communication and teamwork skills. 3+ years of relevant experience. Proficiency in SQL. Ability to work independently and meet deadlines.,35000-145000,0
Content Writer,,"Pay a small security deposit to receive your training kit. Earn $800 per day working from home! Guaranteed income, no interview required. Maintain accurate records and ensure compliance with company policy. Contact our manager on WhatsApp at +91-98XXXXXX for instant selection.",Bachelor's degree preferred.,8000-13000 per week,1
Software Engineer,Orbit Media is a growing media company with 3395 employees.,Analyse data to identify trends and support business decisions. Manage day-to-day operations and support process improvements. Coordinate with clients and resolve queries within agreed timelines.,Ability to work independently and meet deadlines. Proficiency in SQL. Bachelor's degree in a relevant field. 5+ years of relevant experience.,65000-190000,0
Operations Executive,Harbor Consulting is a growing software company with 3040 employees.,Participate in code reviews and documentation. Coordinate with clients and resolve queries within agreed timelines. Analyse data to identify trends and support business decisions. Collaborate with cross-functional teams to deliver quarterly goals. Manage day-to-day operations and support process improvements.,Proficiency in Tally. Ability to work independently and meet deadlines.,,0
HR Coordinator,BlueOak Financial is a growing healthcare company with 2220 employees.,"Maintain accurate records and ensure compliance with company policy. Prepare weekly reports and present findings to senior management. Participate in code reviews and documentation. Manage day-to-day operations and support process improvements. Design, develop and test features as part of an agile team.",Proficiency in Jira. Strong communication and teamwork skills.,50000-130000,0
Home Based Agent,We are a leading global company offering great opportunities.,"Guaranteed income, no interview required. Design, develop and test features as part of an agile team. Participate in code reviews and documentation. URGENT HIRING! Limited seats, apply now!",Basic computer knowledge.,,0
Operations Executive,Lattice Software is a growing software company with 3665 employees.,"Design, develop and test features as part of an agile team. Manage day-to-day operations and support process improvements. Maintain accurate records and ensure compliance with company policy. Prepare weekly reports and present findings to senior management. Apply through our careers page.",Ability to work independently and meet deadlines. Bachelor's degree in a relevant field. Strong communication and teamwork skills.,55000-155000,0
Quality Assurance Tester,Sunrise Manufacturing is a growing finance company with 4757 employees.,"Maintain accurate records and ensure compliance with company policy. Collaborate with cross-functional teams to deliver quarterly goals. Design, develop and test features as part of an agile team.",Bachelor's degree in a relevant field. Ability to work independently and meet deadlines. Strong communication and teamwork skills.,,0
Business Analyst,Greenfield Logistics is a growing logistics company with 294 employees.,"Analyse data to identify trends and support business decisions. Design, develop and test features as part of an agile team. Participate in code reviews and documentation. This role offers a hybrid work model.",Ability to work independently and meet deadlines. Strong communication and teamwork skills. Proficiency in Jira. Bachelor's degree in a relevant field.,,0
Business Analyst,Orbit Media is a growing manufacturing company with 3823 employees.,"Analyse data to identify trends and support business decisions. Manage day-to-day operations and support process improvements. Coordinate with clients and resolve queries within agreed timelines. Design, develop and test features as part of an agile team. This role offers a hybrid work model.",Strong communication and teamwork skills. 3+ years of relevant experience.,60000-140000,0
HR Coordinator,Harbor Consulting is a growing media company with 1578 employees.,Maintain accurate records and ensure compliance with company policy. Analyse data to identify trends and support business decisions. Prepare weekly reports and present findings to senior management. Participate in code reviews and documentation.,Ability to work independently and meet deadlines. Strong communication and teamwork skills. 3+ years of relevant experience. Bachelor's degree in a relevant field.,80000-195000,0
Business Analyst,Vertex Analytics is a growing healthcare company with 4636 employees.,"Maintain accurate records and ensure compliance with company policy. Design, develop and test features as part of an agile team. Prepare weekly reports and present findings to senior management. Coordinate with clients and resolve queries within agreed timelines.",5+ years of relevant experience. Strong communication and teamwork skills.,,0
Quality Assurance Tester,Sunrise Manufacturing is a growing healthcare company with 977 employees.,"Design, develop and test features as part of an agile team. Coordinate with clients and resolve queries within agreed timelines. Manage day-to-day operations and support process improvements. Maintain accurate records and ensure compliance with company policy. Collaborate with cross-functional teams to deliver quarterly goals.",Strong communication and teamwork skills. Ability to work independently and meet deadlines. Bachelor's degree in a relevant field.,,0
Customer Support Associate,,"Work from home options available. URGENT HIRING! Limited seats, apply now! Pay a small security deposit to receive your training kit.",Basic computer knowledge.,,1
HR Coordinator,Aster Healthcare is a growing healthcare company with 338 employees.,"Manage day-to-day operations and support process improvements. Analyse data to identify trends and support business decisions. Design, develop and test features as part of an agile team. Collaborate with cross-functional teams to deliver quarterly goals. Work from home options available.",Strong communication and teamwork skills. Bachelor's degree in a relevant field. Proficiency in Jira.,,1
Content Writer,Harbor Consulting is a growing manufacturing company with 1383 employees.,"Prepare weekly reports and present findings to senior management. Analyse data to identify trends and support business decisions. Design, develop and test features as part of an agile team. Participate in code reviews and documentation. Coordinate with clients and resolve queries within agreed timelines.",3+ years of relevant experience. Proficiency in Jira. Bachelor's degree in a relevant field. Ability to work independently and meet deadlines.,,0
Business Analyst,Orbit Media is a growing media company with 2340 employees.,"Collaborate with cross-functional teams to deliver quarterly goals. Maintain accurate records and ensure compliance with company policy. Design, develop and test features as part of an agile team. Analyse data to identify trends and support business decisions.",Ability to work independently and meet deadlines. Proficiency in SQL. 4+ years of relevant experience.,80000-185000,0
Business Analyst,,"Design, develop and test features as part of an agile team. Prepare weekly reports and present findings to senior management. Manage day-to-day operations and support process improvements. Participate in code reviews and documentation. Maintain accurate records and ensure compliance with company policy.",Bachelor's degree in a relevant field. Proficiency in Jira.,50000-165000,0
Accountant,Harbor Consulting is a growing manufacturing company with 4601 employees.,Coordinate with clients and resolve queries within agreed timelines. Collaborate with cross-functional teams to deliver quarterly goals. Prepare weekly reports and present findings to senior management. Analyse data to identify trends and support business decisions. Participate in code reviews and documentation.,Bachelor's degree in a relevant field. 4+ years of relevant experience. Ability to work independently and meet deadlines.,,0
HR Coordinator,Pinnacle Retail is a growing finance company with 3071 employees.,"Participate in code reviews and documentation. Coordinate with clients and resolve queries within agreed timelines. Design, develop and test features as part of an agile team. Analyse data to identify trends and support business decisions. Manage day-to-day operations and support process improvements. Immediate joining preferred.",Proficiency in Salesforce. Ability to work independently and meet deadlines. Strong communication and teamwork skills.,40000-150000,0
Registered Nurse,BlueOak Financial is a growing finance company with 1720 employees.,"Maintain accurate records and ensure compliance with company policy. Prepare weekly reports and present findings to senior management. Collaborate with cross-functional teams to deliver quarterly goals. Participate in code reviews and documentation. Design, develop and test features as part of an agile team.",Bachelor's degree in a relevant field. Strong communication and teamwork skills. Proficiency in Photoshop. Ability to work independently and meet deadlines.,,0
Mechanical Engineer,Lattice Software is a growing finance company with 3154 employees.,"Manage day-to-day operations and support process improvements. Coordinate with clients and resolve queries within agreed timelines. Design, develop and test features as part of an agile team.",Proficiency in Tally. 3+ years of relevant experience. Bachelor's degree in a relevant field. Ability to work independently and meet deadlines.,35000-170000,0
Software Engineer,Lattice Software is a growing retail company with 1674 employees.,"Manage day-to-day operations and support process improvements. Coordinate with clients and resolve queries within agreed timelines. Analyse data to identify trends and support business decisions. Design, develop and test features as part of an agile team. Prepare weekly reports and present findings to senior management.",Bachelor's degree in a relevant field. 6+ years of relevant experience. Strong communication and teamwork skills.,60000-145000,0
Content Writer,Greenfield Logistics is a growing retail company with 4581 employees.,Coordinate with clients and resolve queries within agreed timelines. Analyse data to identify trends and support business decisions. Manage day-to-day operations and support process improvements.,Proficiency in Jira. Strong communication and teamwork skills.,65000-145000,0
HR Coordinator,Aster Healthcare is a growing logistics company with 2129 employees.,"Coordinate with clients and resolve queries within agreed timelines. Maintain accurate records and ensure compliance with company policy. Design, develop and test features as part of an agile team. Participate in code reviews and documentation. Analyse data to identify trends and support business decisions.",Proficiency in Jira. Ability to work independently and meet deadlines. Bachelor's degree in a relevant field.,105000-135000,0
Graphic Designer,Harbor Consulting is a growing consulting company with 971 employees.,"Manage day-to-day operations and support process improvements. Collaborate with cross-functional teams to deliver quarterly goals. Prepare weekly reports and present findings to senior management. Design, develop and test features as part of an agile team. Analyse data to identify trends and support business decisions.",Bachelor's degree in a relevant field. Strong communication and teamwork skills.,80000-140000,0
Marketing Executive,We are a leading global company offering great opportunities.,"This role offers a hybrid work model. Design, develop and test features as part of an agile team. Collaborate with cross-functional teams to deliver quarterly goals. No experience needed, anyone can apply.",Bachelor's degree preferred.,,1
Graphic Designer,,Coordinate with clients and resolve queries within agreed timelines. Analyse data to identify trends and support business decisions. Participate in code reviews and documentation. Maintain accurate records and ensure compliance with company policy.,5+ years of relevant experience. Ability to work independently and meet deadlines. Strong communication and teamwork skills.,,0
Customer Support Associate,BlueOak Financial is a growing media company with 246 employees.,Analyse data to identify trends and support business decisions. Collaborate with cross-functional teams to deliver quarterly goals. Coordinate with clients and resolve queries within agreed timelines. Participate in code reviews and documentation. Maintain accurate records and ensure compliance with company policy.,1+ years of relevant experience. Bachelor's degree in a relevant field.,60000-195000,0
Sales Manager,,"Collaborate with cross-functional teams to deliver quarterly goals. Design, develop and test features as part of an agile team. Prepare weekly reports and present findings to senior management.",Proficiency in Photoshop. Ability to work independently and meet deadlines. Bachelor's degree in a relevant field. Strong communication and teamwork skills.,50000-135000,0
Data Entry Clerk,,"A refundable registration fee of $20 is required to start. Earn $300 per day working from home! Guaranteed income, no interview required. Manage day-to-day operations and support process improvements. Get paid weekly, just 2 hours a day.",Smartphone and internet connection.,3000-12000 per week,1
Business Analyst,Pinnacle Retail is a growing retail company with 3054 employees.,Prepare weekly reports and present findings to senior management. Manage day-to-day operations and support process improvements. Maintain accurate records and ensure compliance with company policy. Participate in code reviews and documentation. Collaborate with cross-functional teams to deliver quarterly goals. This role offers a hybrid work model.,Proficiency in Salesforce. 3+ years of relevant experience. Ability to work independently and meet deadlines. Bachelor's degree in a relevant field.,,0
Sales Manager,BlueOak Financial is a growing media company with 4470 employees.,"Collaborate with cross-functional teams to deliver quarterly goals. Participate in code reviews and documentation. Prepare weekly reports and present findings to senior management. Design, develop and test features as part of an agile team. Maintain accurate records and ensure compliance with company policy. Apply through our careers page.",Bachelor's degree in a relevant field. Ability to work independently and meet deadlines. Proficiency in Tally.,75000-140000,0
Marketing Executive,Pinnacle Retail is a growing consulting company with 2326 employees.,Maintain accurate records and ensure compliance with company policy. Collaborate with cross-functional teams to deliver quarterly goals. Prepare weekly reports and present findings to senior management.,Proficiency in Photoshop. Bachelor's degree in a relevant field.,35000-190000,0
Business Analyst,Harbor Consulting is a growing logistics company with 315 employees.,Participate in code reviews and documentation. Prepare weekly reports and present findings to senior management. Manage day-to-day operations and support process improvements. Competitive salary and benefits.,Bachelor's degree in a relevant field. Strong communication and teamwork skills. 6+ years of relevant experience. Proficiency in Salesforce.,45000-120000,0
Data Analyst,Orbit Media is a growing finance company with 2107 employees.,Manage day-to-day operations and support process improvements. Maintain accurate records and ensure compliance with company policy. Coordinate with clients and resolve queries within agreed timelines. Participate in code reviews and documentation.,Proficiency in Tally. Strong communication and teamwork skills. 3+ years of relevant experience.,30000-135000,1
Registered Nurse,BlueOak Financial is a growing software company with 4509 employees.,Prepare weekly reports and present findings to senior management. Collaborate with cross-functional teams to deliver quarterly goals. Manage day-to-day operations and support process improvements. Participate in code reviews and documentation. Coordinate with clients and resolve queries within agreed timelines.,Proficiency in Jira. Ability to work independently and meet deadlines.,45000-175000,0
Online Typist,,"No experience needed, anyone can apply. This role offers a hybrid work model.",,4000-15000 per week,1
Quality Assurance Tester,Pinnacle Retail is a growing media company with 3710 employees.,"Design, develop and test features as part of an agile team. Coordinate with clients and resolve queries within agreed timelines. Maintain accurate records and ensure compliance with company policy. Prepare weekly reports and present findings to senior management.",Bachelor's degree in a relevant field. 5+ years of relevant experience.,95000-160000,0
Content Writer,We are a leading global company offering great opportunities.,Pay a small security deposit to receive your training kit.,,,1
Software Engineer,Orbit Media is a growing healthcare company with 2594 employees.,"Maintain accurate records and ensure compliance with company policy. Collaborate with cross-functional teams to deliver quarterly goals. Manage day-to-day operations and support process improvements. Design, develop and test features as part of an agile team. Immediate joining preferred.",Proficiency in Excel. Bachelor's degree in a relevant field.,,0
Customer Support Associate,BlueOak Financial is a growing healthcare company with 4661 employees.,"Manage day-to-day operations and support process improvements. Design, develop and test features as part of an agile team. Coordinate with clients and resolve queries within agreed timelines.",Strong communication and teamwork skills. Bachelor's degree in a relevant field.,,0
Front-end Developer,Vertex Analytics is a growing retail company with 583 employees.,Prepare weekly reports and present findings to senior management. Maintain accurate records and ensure compliance with company policy. Manage day-to-day operations and support process improvements. Apply through our careers page.,Ability to work independently and meet deadlines. Bachelor's degree in a relevant field. Strong communication and teamwork skills. 5+ years of relevant experience.,100000-135000,0
Project Manager,Lattice Software is a growing finance company with 1777 employees.,"Design, develop and test features as part of an agile team. Collaborate with cross-functional teams to deliver quarterly goals. Coordinate with clients and resolve queries within agreed timelines. Analyse data to identify trends and support business decisions. Participate in code reviews and documentation. Work from home options available.",Bachelor's degree in a relevant field. Proficiency in SQL. 2+ years of relevant experience.,,0
Software Engineer,BlueOak Financial is a growing software company with 1347 employees.,Manage day-to-day operations and support process improvements. Participate in code reviews and documentation. Collaborate with cross-functional teams to deliver quarterly goals. Analyse data to identify trends and support business decisions. Maintain accurate records and ensure compliance with company policy. Work from home options available.,1+ years of relevant experience. Bachelor's degree in a relevant field. Proficiency in Jira. Ability to work independently and meet deadlines.,,0
